key,0,1,2,3,4,5,6,7,8,9,10
#,Leve,CraftLeveTalk,Repeats,Item[0],ItemCount[0],Item[1],ItemCount[1],Item[2],ItemCount[2],Item[3],ItemCount[3]
int32,Leve,CraftLeveTalk,byte,Item,uint16,Item,uint16,Item,uint16,Item,uint16
917504,"","CraftLeveTalk#0",0,"",0,"",0,"",0,"",0
917505,"制作委托：用于捐献的长枪","CraftLeveTalk#3",0,"犬牙渔枪",1,"",0,"",0,"",0
917506,"制作委托：牧场用的裁缝工具","CraftLeveTalk#3",0,"梣木纺车",1,"",0,"",0,"",0
917507,"筹集委托：廉价的木盾","CraftLeveTalk#6",0,"梣木方盾",1,"",0,"",0,"",0
917508,"制作委托：骑手用的格斗服","CraftLeveTalk#3",0,"硬革格斗服",1,"",0,"",0,"",0
917509,"制作委托：骑手用的战靴","CraftLeveTalk#3",0,"硬革战靴",1,"",0,"",0,"",0
917510,"筹集委托：提供给护卫的皮质盾牌","CraftLeveTalk#6",0,"鞣革皮盾",1,"",0,"",0,"",0
917511,"制作委托：提供给鬼哭队的面具","CraftLeveTalk#4",0,"梣木假面（天青石）",1,"",0,"",0,"",0
917512,"制作委托：面向冒险者的木盾","CraftLeveTalk#4",0,"梣木方盾",1,"",0,"",0,"",0
917513,"筹集委托：梣木制短弓","CraftLeveTalk#6",0,"梣木短弓",1,"",0,"",0,"",0
917514,"制作委托：提供给鬼哭队的手环","CraftLeveTalk#4",0,"硬革手环",1,"",0,"",0,"",0
917515,"制作委托：提供给工匠的皮靴","CraftLeveTalk#4",0,"硬革便鞋",1,"",0,"",0,"",0
917516,"筹集委托：廉价的手箍","CraftLeveTalk#6",0,"硬革手箍",1,"",0,"",0,"",0
917517,"制作委托：打磨武具用的砂轮","CraftLeveTalk#5",0,"泥岩砂轮机",1,"",0,"",0,"",0
917518,"批发委托：研究新的防卫对策","CraftLeveTalk#5",2,"黑铁长枪",1,"",0,"",0,"",0
917519,"制作委托：胡桃木材","CraftLeveTalk#5",0,"胡桃木材",1,"",0,"",0,"",0
917520,"制作委托：作业用的护手","CraftLeveTalk#5",0,"山羊革半指护手",1,"",0,"",0,"",0
917521,"批发委托：提供给鬼哭队的钢拳","CraftLeveTalk#5",2,"硬革钢拳",1,"",0,"",0,"",0
917522,"制作委托：训练义勇兵用的上衣","CraftLeveTalk#5",0,"山羊革皮甲",1,"",0,"",0,"",0
917523,"制作委托：廉价的木制幻具","CraftLeveTalk#6",0,"梣木根杖",1,"",0,"",0,"",0
917524,"制作委托：面向雕金匠的制作工具","CraftLeveTalk#6",0,"砂岩砂轮机",1,"",0,"",0,"",0
917525,"筹集委托：栅栏建材","CraftLeveTalk#3",0,"梣木木材",1,"",0,"",0,"",0
917526,"制作委托：铁制长枪","CraftLeveTalk#6",0,"黑铁长枪",1,"",0,"",0,"",0
917527,"制作委托：榆木制幻具","CraftLeveTalk#6",0,"榆木牧杖",1,"",0,"",0,"",0
917528,"筹集委托：哨塔建材","CraftLeveTalk#4",0,"榆木木材",1,"",0,"",0,"",0
917529,"制作委托：紫杉制幻具","CraftLeveTalk#6",0,"紫杉根杖",1,"",0,"",0,"",0
917530,"批发委托：提供给鬼哭队的假面","CraftLeveTalk#6",2,"梣木假面（天青石）",1,"",0,"",0,"",0
917531,"筹集委托：面向义勇兵的长枪","CraftLeveTalk#5",0,"黑铁骑枪",1,"",0,"",0,"",0
917532,"制作委托：日常用的皮靴","CraftLeveTalk#6",0,"硬革皮靴",1,"",0,"",0,"",0
917533,"制作委托：日常用的护腕","CraftLeveTalk#6",0,"硬革护腕",1,"",0,"",0,"",0
917534,"筹集委托：经过硬化处理的皮革","CraftLeveTalk#3",0,"硬革",1,"",0,"",0,"",0
917535,"制作委托：广受欢迎的项链","CraftLeveTalk#6",0,"硬革项环",1,"",0,"",0,"",0
917536,"制作委托：提供给园艺工的皮帽","CraftLeveTalk#6",0,"硬革小帽",1,"",0,"",0,"",0
917537,"筹集委托：大山羊鞣皮","CraftLeveTalk#4",0,"山羊革",1,"",0,"",0,"",0
917538,"制作委托：演员用的护臂","CraftLeveTalk#6",0,"山羊革护臂",1,"",0,"",0,"",0
917539,"批发委托：大山羊鞣皮","CraftLeveTalk#6",2,"山羊革",1,"",0,"",0,"",0
917540,"筹集委托：赠给义勇兵的鸭嘴靴","CraftLeveTalk#5",0,"内衬鞣革鸭嘴靴",1,"",0,"",0,"",0
917541,"制作委托：出口用的采矿工具","CraftLeveTalk#8",0,"黑铁鹤嘴锄",1,"",0,"",0,"",0
917542,"批发委托：面向刻木匠行会的锤子","CraftLeveTalk#8",2,"黑铁羊角锤",1,"",0,"",0,"",0
917543,"筹集委托：用于调集石材的碎石锤","CraftLeveTalk#5",0,"黑铁碎石锤",1,"",0,"",0,"",0
917544,"制作委托：用于木工活的手锯","CraftLeveTalk#5",0,"新来者手锯",1,"",0,"",0,"",0
917545,"批发委托：义勇兵用的单手剑","CraftLeveTalk#5",2,"黄铜维京剑",1,"",0,"",0,"",0
917546,"制作委托：阿拉米格义勇军用的武器","CraftLeveTalk#5",0,"铁甲指虎",1,"",0,"",0,"",0
917547,"制作委托：巡夜用的机关盾","CraftLeveTalk#8",0,"黑铁机关盾",1,"",0,"",0,"",0
917548,"批发委托：面向角斗士武器百货的圆盾","CraftLeveTalk#8",2,"镶铁小圆盾",1,"",0,"",0,"",0
917549,"筹集委托：替换用的煎锅","CraftLeveTalk#5",0,"黑铁煎锅",1,"",0,"",0,"",0
917550,"制作委托：面向义勇兵的手铠","CraftLeveTalk#5",0,"黑铁臂甲",1,"",0,"",0,"",0
917551,"批发委托：面向义勇兵的金属头盔","CraftLeveTalk#5",2,"黑铁头盔",1,"",0,"",0,"",0
917552,"制作委托：练习调配用的蒸馏器","CraftLeveTalk#5",0,"黑铁蒸馏器",1,"",0,"",0,"",0
917553,"制作委托：幸运的珊瑚戒指","CraftLeveTalk#13",0,"白珊瑚戒指",1,"",0,"",0,"",0
917554,"批发委托：流行的咒杖","CraftLeveTalk#13",2,"黄铜咒杖",1,"",0,"",0,"",0
917555,"筹集委托：赠给英雄的魔器","CraftLeveTalk#5",0,"风华咒角",1,"",0,"",0,"",0
917556,"制作委托：赠给义勇兵的耳饰","CraftLeveTalk#5",0,"黄铜耳夹",1,"",0,"",0,"",0
917557,"批发委托：赠给义勇兵的戒指","CraftLeveTalk#5",2,"黄铜戒指",1,"",0,"",0,"",0
917558,"制作委托：羚羊角咒杖","CraftLeveTalk#5",0,"羚羊角长杖",1,"",0,"",0,"",0
917559,"制作委托：面向商人的靴子","CraftLeveTalk#13",0,"棉布礼鞋",1,"",0,"",0,"",0
917560,"批发委托：面向工匠的裤子","CraftLeveTalk#13",2,"棉布巧匠马裤",1,"",0,"",0,"",0
917561,"筹集委托：赠给义勇兵的衣服","CraftLeveTalk#5",0,"棉布大地工作坎肩",1,"",0,"",0,"",0
917562,"制作委托：回礼用的手套","CraftLeveTalk#5",0,"棉布礼服手套",1,"",0,"",0,"",0
917563,"批发委托：用于采伐工作的头巾","CraftLeveTalk#5",2,"棉布大地兜帽",1,"",0,"",0,"",0
917564,"制作委托：防御壁施工用的工作服","CraftLeveTalk#5",0,"棉布巧匠工作坎肩",1,"",0,"",0,"",0
917565,"制作委托：野性十足的幻杖","CraftLeveTalk#13",0,"绿叶梣木幻杖",1,"",0,"",0,"",0
917566,"批发委托：研究生最想要的","CraftLeveTalk#13",2,"智力之药",3,"",0,"",0,"",0
917567,"筹集委托：用于传令书信的墨水","CraftLeveTalk#5",0,"白银附魔墨水",1,"",0,"",0,"",0
917568,"制作委托：义勇兵用的毒药","CraftLeveTalk#5",0,"失明毒药",3,"",0,"",0,"",0
917569,"批发委托：义勇兵用的炼金药","CraftLeveTalk#5",2,"巧力之药",3,"",0,"",0,"",0
917570,"制作委托：对付术师用的毒药","CraftLeveTalk#5",0,"沉默毒药",3,"",0,"",0,"",0
917571,"制作委托：兑酒用的果汁","CraftLeveTalk#8",0,"葡萄汁",3,"",0,"",0,"",0
917572,"批发委托：运货人的早餐","CraftLeveTalk#8",2,"胡桃面包",3,"",0,"",0,"",0
917573,"筹集委托：提供给义勇兵的宴席","CraftLeveTalk#5",0,"鲑鱼排",3,"",0,"",0,"",0
917574,"制作委托：队员的粮草","CraftLeveTalk#5",0,"蜂蜜松饼",3,"",0,"",0,"",0
917575,"批发委托：赠给孩子们的点心","CraftLeveTalk#5",2,"苹果挞",3,"",0,"",0,"",0
917576,"制作委托：羚羊肉派","CraftLeveTalk#5",0,"牧羊人派",3,"",0,"",0,"",0
917577,"制作委托：面向初学者的锻铁工具","CraftLeveTalk#8",0,"业余横头锤",1,"",0,"",0,"",0
917578,"制作委托：出口用的骑兵剑","CraftLeveTalk#8",0,"青铜骑兵剑",1,"",0,"",0,"",0
917579,"筹集委托：用于在乌尔达哈卖的武器","CraftLeveTalk#10",0,"青铜指虎",1,"",0,"",0,"",0
917580,"制作委托：出口用的铁锭","CraftLeveTalk#8",0,"黑铁锭",1,"",0,"",0,"",0
917581,"制作委托：出口用的制革工具","CraftLeveTalk#8",0,"黑铁平斩",1,"",0,"",0,"",0
917582,"筹集委托：商船的零部件","CraftLeveTalk#11",0,"黑铁铆钉",1,"",0,"",0,"",0
917583,"制作委托：用于在乌尔达哈卖的工具","CraftLeveTalk#10",0,"业余雕金锤",1,"",0,"",0,"",0
917584,"制作委托：用于在格里达尼亚卖的工具","CraftLeveTalk#10",0,"黄铜裁皮刀",1,"",0,"",0,"",0
917585,"筹集委托：受欢迎的双刃斧","CraftLeveTalk#8",0,"青铜刺柄双刃斧",1,"",0,"",0,"",0
917586,"制作委托：用于贸易的格斗武器","CraftLeveTalk#11",0,"黄铜指虎",1,"",0,"",0,"",0
917587,"制作委托：交易用制革工具","CraftLeveTalk#11",0,"新来者裁皮刀",1,"",0,"",0,"",0
917588,"筹集委托：铸甲匠用的锤子","CraftLeveTalk#8",0,"黑铁铸甲锤",1,"",0,"",0,"",0
917589,"制作委托：面向骑兵的头盔","CraftLeveTalk#8",0,"青铜头盔",1,"",0,"",0,"",0
917590,"制作委托：煎蛋用的平底锅","CraftLeveTalk#8",0,"黑铁平底锅",1,"",0,"",0,"",0
917591,"筹集委托：用于在乌尔达哈卖的锁甲靴","CraftLeveTalk#10",0,"青铜铠靴",1,"",0,"",0,"",0
917592,"制作委托：面向斧术师的头盔","CraftLeveTalk#8",0,"黄铜开面盔",1,"",0,"",0,"",0
917593,"制作委托：出口用的板金铠","CraftLeveTalk#8",0,"黑铁胸甲",1,"",0,"",0,"",0
917594,"筹集委托：面向船员的烹调工具","CraftLeveTalk#11",0,"新来者平底锅",1,"",0,"",0,"",0
917595,"制作委托：用于在乌尔达哈卖的烹调工具","CraftLeveTalk#10",0,"业余平底锅",1,"",0,"",0,"",0
917596,"制作委托：用于在乌尔达哈卖的蒸馏器","CraftLeveTalk#10",0,"黄铜蒸馏器",1,"",0,"",0,"",0
917597,"筹集委托：拳斗比赛用的手铠","CraftLeveTalk#8",0,"青铜手铠",1,"",0,"",0,"",0
917598,"制作委托：船上战斗用的圆盾","CraftLeveTalk#11",0,"黑铁重盾",1,"",0,"",0,"",0
917599,"制作委托：船上战斗用的手铠","CraftLeveTalk#11",0,"黑铁手铠",1,"",0,"",0,"",0
917600,"筹集委托：面向酿酒师的蒸馏器","CraftLeveTalk#8",0,"新来者蒸馏器",1,"",0,"",0,"",0
917601,"制作委托：面向烹调师行会的可可粉","CraftLeveTalk#8",0,"可可粉",3,"",0,"",0,"",0
917602,"制作委托：酒宴用的烧鱼","CraftLeveTalk#8",0,"盐烤鲤鱼",3,"",0,"",0,"",0
917603,"筹集委托：未来的人气商品","CraftLeveTalk#10",0,"鼹鼠肉糕",3,"",0,"",0,"",0
917604,"制作委托：用于招待的蛋卷","CraftLeveTalk#8",0,"渡渡鸟蛋煎蛋卷",3,"",0,"",0,"",0
917605,"制作委托：犒劳船长的美食","CraftLeveTalk#8",0,"生鲜牡蛎",3,"",0,"",0,"",0
917606,"筹集委托：储备在商船里的食品","CraftLeveTalk#11",0,"胡桃面包",3,"",0,"",0,"",0
917607,"制作委托：谈判时的菜肴","CraftLeveTalk#10",0,"渡渡鸟烤肉",3,"",0,"",0,"",0
917608,"制作委托：面向贸易船的盐渍鳕鱼","CraftLeveTalk#10",0,"盐渍鳕鱼",3,"",0,"",0,"",0
917609,"筹集委托：面向船员的根菜","CraftLeveTalk#8",0,"高山萝卜沙拉",3,"",0,"",0,"",0
917610,"制作委托：出口用的精油","CraftLeveTalk#11",0,"薰衣草油",3,"",0,"",0,"",0
917611,"制作委托：赫·兰博罗船长的最爱","CraftLeveTalk#11",0,"金钱蘑炒鸡肉",3,"",0,"",0,"",0
917612,"筹集委托：给工匠的慰劳品","CraftLeveTalk#8",0,"苹果挞",3,"",0,"",0,"",0
917613,"制作委托：当红剑斗士的耳饰","CraftLeveTalk#13",0,"红铜耳夹",1,"",0,"",0,"",0
917614,"制作委托：护身用的耳饰","CraftLeveTalk#13",0,"兽牙耳坠",1,"",0,"",0,"",0
917615,"筹集委托：捐纳用的长杖","CraftLeveTalk#15",0,"蟹甲兽骨长杖",1,"",0,"",0,"",0
917616,"制作委托：作为特别报酬的缝衣针","CraftLeveTalk#15",0,"业余缝针",1,"",0,"",0,"",0
917617,"制作委托：面向铜刃团的护喉甲","CraftLeveTalk#15",0,"黄铜冲锋项环",1,"",0,"",0,"",0
917618,"筹集委托：送给画家的眼镜","CraftLeveTalk#13",0,"黄铜眼镜",1,"",0,"",0,"",0
917619,"制作委托：面向工匠的手镯","CraftLeveTalk#13",0,"黄铜巧匠手链",1,"",0,"",0,"",0
917620,"制作委托：便宜的黄铜戒指","CraftLeveTalk#13",0,"黄铜戒指",1,"",0,"",0,"",0
917621,"筹集委托：随葬用的头冠","CraftLeveTalk#16",0,"黄铜头冠（日长石）",1,"",0,"",0,"",0
917622,"制作委托：修补天蓬用的缝衣针","CraftLeveTalk#16",0,"蝠牙缝针",1,"",0,"",0,"",0
917623,"制作委托：金闪闪的戒指","CraftLeveTalk#16",0,"黄铜巧匠戒指",1,"",0,"",0,"",0
917624,"筹集委托：面向格里达尼亚的头冠","CraftLeveTalk#13",0,"黄铜头冠（赛黄晶）",1,"",0,"",0,"",0
917625,"制作委托：送礼用的草帽","CraftLeveTalk#13",0,"草帽",1,"",0,"",0,"",0
917626,"制作委托：面向采矿工的围巾","CraftLeveTalk#13",0,"棉布围巾",1,"",0,"",0,"",0
917627,"筹集委托：面向贸易商人的包头巾","CraftLeveTalk#15",0,"棉布包头巾",1,"",0,"",0,"",0
917628,"制作委托：赠给技师的手套","CraftLeveTalk#15",0,"草布弓术手套",1,"",0,"",0,"",0
917629,"制作委托：出口用的手套","CraftLeveTalk#15",0,"棉布半指手套",1,"",0,"",0,"",0
917630,"筹集委托：面向格里达尼亚的草帽","CraftLeveTalk#13",0,"马倌草帽",1,"",0,"",0,"",0
917631,"制作委托：面向格里达尼亚的束腰衣","CraftLeveTalk#13",0,"棉布束腰牧衣",1,"",0,"",0,"",0
917632,"制作委托：面向格里达尼亚的裤子","CraftLeveTalk#13",0,"新来者工作裤",1,"",0,"",0,"",0
917633,"筹集委托：陪葬品无领衬衫","CraftLeveTalk#16",0,"棉布无领衬衫",1,"",0,"",0,"",0
917634,"制作委托：用于长途旅行的软甲裤","CraftLeveTalk#16",0,"内衬草布软甲裤",1,"",0,"",0,"",0
917635,"制作委托：面向工匠的手套","CraftLeveTalk#16",0,"棉布工作手套",1,"",0,"",0,"",0
917636,"筹集委托：面向采矿工的工作服","CraftLeveTalk#13",0,"新来者工作坎肩",1,"",0,"",0,"",0
917637,"制作委托：用于新事业的枫木幻杖","CraftLeveTalk#13",0,"绿叶枫木幻杖",1,"",0,"",0,"",0
917638,"制作委托：面向咒术师行会的以太药","CraftLeveTalk#13",0,"以太药",3,"",0,"",0,"",0
917639,"筹集委托：用于海关研修的魔导书","CraftLeveTalk#15",0,"梣木巫书",1,"",0,"",0,"",0
917640,"制作委托：运货人的随身药","CraftLeveTalk#15",0,"恢复药",3,"",0,"",0,"",0
917641,"制作委托：用于新耕作方法的炼金药","CraftLeveTalk#15",0,"植物成长剂2型",1,"",0,"",0,"",0
917642,"筹集委托：用于建造新房的瓦片","CraftLeveTalk#13",0,"瓦片",1,"",0,"",0,"",0
917643,"制作委托：面向冒险者的梣木幻杖","CraftLeveTalk#13",0,"梣木幻杖",1,"",0,"",0,"",0
917644,"制作委托：确保魔导书的库存","CraftLeveTalk#13",0,"雕花硬革魔导书",1,"",0,"",0,"",0
917645,"筹集委托：给人打气的炼金药","CraftLeveTalk#16",0,"耐力之药",3,"",0,"",0,"",0
917646,"制作委托：献给故人的魔导书","CraftLeveTalk#16",0,"硬革魔导书",1,"",0,"",0,"",0
917647,"制作委托：安慰人的炼金药","CraftLeveTalk#16",0,"意力之药",3,"",0,"",0,"",0
917648,"筹集委托：拳斗士用的炼金药","CraftLeveTalk#13",0,"刚力之药",3,"",0,"",0,"",0
917649,"制作委托：双蛇党用于训练的长枪","CraftLeveTalk#6",0,"兽骨渔枪",1,"",0,"",0,"",0
917650,"制作委托：廉价的木靴","CraftLeveTalk#6",0,"枫木木鞋",1,"",0,"",0,"",0
917651,"筹集委托：新手工兵用的木靴","CraftLeveTalk#7",0,"枫木木拖鞋",1,"",0,"",0,"",0
917652,"制作委托：双蛇党用于训练的长弓","CraftLeveTalk#6",0,"枫木长弓",1,"",0,"",0,"",0
917653,"制作委托：冒险者用的木盾","CraftLeveTalk#6",0,"圆盾",1,"",0,"",0,"",0
917654,"筹集委托：新手卫生兵用的幻具","CraftLeveTalk#7",0,"枫木手杖",1,"",0,"",0,"",0
917655,"制作委托：新手斥候用的短弓","CraftLeveTalk#7",0,"枫木短弓",1,"",0,"",0,"",0
917656,"制作委托：新手卫兵用的木盾","CraftLeveTalk#7",0,"枫木方盾",1,"",0,"",0,"",0
917657,"筹集委托：用于乐器的枫木木材","CraftLeveTalk#6",0,"枫木木材",1,"",0,"",0,"",0
917658,"制作委托：用于新兵训练的长枪","CraftLeveTalk#7",0,"青铜长枪",1,"",0,"",0,"",0
917659,"制作委托：用于模拟战的木剑","CraftLeveTalk#7",0,"梣木石刃棒",1,"",0,"",0,"",0
917660,"筹集委托：廉价的幻具","CraftLeveTalk#6",0,"枫木牧杖",1,"",0,"",0,"",0
917661,"制作委托：面向工匠的皮革头巾","CraftLeveTalk#6",0,"鞣革突骑帽",1,"",0,"",0,"",0
917662,"制作委托：皮革制护腕","CraftLeveTalk#6",0,"鞣革护腕",1,"",0,"",0,"",0
917663,"筹集委托：用于新兵训练的皮靴","CraftLeveTalk#7",0,"鞣革鸭嘴靴",1,"",0,"",0,"",0
917664,"制作委托：廉价的手环","CraftLeveTalk#6",0,"鞣革手环",1,"",0,"",0,"",0
917665,"制作委托：锻炼用的格斗武器","CraftLeveTalk#6",0,"鞣革护拳",1,"",0,"",0,"",0
917666,"筹集委托：新手斥候用的长靴","CraftLeveTalk#7",0,"鞣革护腿",1,"",0,"",0,"",0
917667,"制作委托：新手辎重兵用的皮靴","CraftLeveTalk#7",0,"鞣革大地鸭嘴靴",1,"",0,"",0,"",0
917668,"制作委托：训练用的项环","CraftLeveTalk#7",0,"鞣革项环",1,"",0,"",0,"",0
917669,"筹集委托：用于练习的鞣皮","CraftLeveTalk#6",0,"鞣革",1,"",0,"",0,"",0
917670,"制作委托：用于新兵训练的手套","CraftLeveTalk#7",0,"鞣革连指手套",1,"",0,"",0,"",0
917671,"制作委托：训练用的盔帽","CraftLeveTalk#7",0,"硬革盔帽",1,"",0,"",0,"",0
917672,"筹集委托：面向猎人的皮手套","CraftLeveTalk#6",0,"鞣革半指护手",1,"",0,"",0,"",0
917673,"制作委托：白蛇花纹的圆盾","CraftLeveTalk#6",0,"蛇纹圆盾",1,"",0,"",0,"",0
917674,"筹集委托：银色光辉的战叉","CraftLeveTalk#5",0,"白银战叉",1,"",0,"",0,"",0
917675,"批发委托：高级家具用的木材","CraftLeveTalk#6",2,"胡桃木材",1,"",0,"",0,"",0
917676,"制作委托：训练义勇兵用的木剑","CraftLeveTalk#5",0,"榆木石刃棒",1,"",0,"",0,"",0
917677,"制作委托：提供给鬼哭队的长枪","CraftLeveTalk#5",0,"白钢长枪",1,"",0,"",0,"",0
917678,"批发委托：面向义勇兵的幻具","CraftLeveTalk#5",2,"紫杉手杖",1,"",0,"",0,"",0
917679,"筹集委托：送礼用的木剑","CraftLeveTalk#12",0,"胡桃石刃棒",1,"",0,"",0,"",0
917680,"制作委托：用于竞技大会奖励的弓","CraftLeveTalk#6",0,"梣木骑兵弓",1,"",0,"",0,"",0
917681,"批发委托：仪式典礼用的长枪","CraftLeveTalk#6",2,"白钢长枪",1,"",0,"",0,"",0
917682,"制作委托：用于狩猎的长弓","CraftLeveTalk#12",0,"橡木长弓",1,"",0,"",0,"",0
917683,"制作委托：老手佣兵用的长枪","CraftLeveTalk#12",0,"白钢重骑枪",1,"",0,"",0,"",0
917684,"批发委托：捐赠给黑涡团的长枪","CraftLeveTalk#12",2,"黑铁战戟",1,"",0,"",0,"",0
917685,"筹集委托：格里达尼亚风格的长枪","CraftLeveTalk#18",0,"蟹甲渔枪",1,"",0,"",0,"",0
917686,"制作委托：橡木制幻杖","CraftLeveTalk#6",0,"铜铃橡木牧杖",1,"",0,"",0,"",0
917687,"批发委托：古色古香的木剑","CraftLeveTalk#6",2,"胡桃石刃棒",1,"",0,"",0,"",0
917688,"制作委托：陆行鸟弓骑兵用的弓","CraftLeveTalk#18",0,"秘银骑兵弓",1,"",0,"",0,"",0
917689,"制作委托：面向酷寒地带的木靴","CraftLeveTalk#18",0,"橡木木鞋",1,"",0,"",0,"",0
917690,"批发委托：面向狄兰达尔家的弓","CraftLeveTalk#18",2,"梣木骑兵弓",1,"",0,"",0,"",0
917691,"筹集委托：面向骑兵团的战戟","CraftLeveTalk#19",0,"钴铁战戟",1,"",0,"",0,"",0
917692,"制作委托：镶嵌了翡翠的幻杖","CraftLeveTalk#6",0,"翡翠手杖",1,"",0,"",0,"",0
917693,"批发委托：出口用的纺车","CraftLeveTalk#6",2,"红木纺车",1,"",0,"",0,"",0
917694,"制作委托：面向熟练骑兵的复合弓","CraftLeveTalk#19",0,"橡木复合弓",1,"",0,"",0,"",0
917695,"制作委托：面向骑兵团的砂轮","CraftLeveTalk#19",0,"宝石砂轮机",1,"",0,"",0,"",0
917696,"批发委托：面向骑兵团的骑枪","CraftLeveTalk#19",2,"秘银骑枪",1,"",0,"",0,"",0
917697,"筹集委托：清除水晶的工具","CraftLeveTalk#20",0,"三尖枪",1,"",0,"",0,"",0
917698,"制作委托：美女留下的木靴","CraftLeveTalk#6",0,"红木木鞋",1,"",0,"",0,"",0
917699,"批发委托：高级家具用的木材","CraftLeveTalk#6",2,"红木木材",1,"",0,"",0,"",0
917700,"制作委托：用于做报酬的复合弓","CraftLeveTalk#20",0,"蟹甲战弓",1,"",0,"",0,"",0
917701,"制作委托：面向佣兵的弓","CraftLeveTalk#20",0,"紫杉长弓",1,"",0,"",0,"",0
917702,"批发委托：验证古代魔法用的咒杖","CraftLeveTalk#20",2,"翡翠手杖",1,"",0,"",0,"",0
917703,"制作委托：大山羊革包覆的盾","CraftLeveTalk#6",0,"山羊革皮盾",1,"",0,"",0,"",0
917704,"筹集委托：赠送给冒险者的手环","CraftLeveTalk#5",0,"山羊革手环",1,"",0,"",0,"",0
917705,"批发委托：领航员用的工作服","CraftLeveTalk#6",2,"山羊革马裤",1,"",0,"",0,"",0
917706,"制作委托：赠给体术指导员的钢拳","CraftLeveTalk#5",0,"蟾蜍钢拳",1,"",0,"",0,"",0
917707,"制作委托：面向鬼哭队预备役的皮甲","CraftLeveTalk#5",0,"巨蟾蜍革皮甲",1,"",0,"",0,"",0
917708,"批发委托：赠给义勇兵的鸭嘴靴","CraftLeveTalk#5",2,"内衬鞣革鸭嘴靴",1,"",0,"",0,"",0
917709,"筹集委托：用作样品的眼罩","CraftLeveTalk#12",0,"骷髅眼罩",1,"",0,"",0,"",0
917710,"品质指定：优质野猪护拳","CraftLeveTalk#6",0,"野猪护拳",1,"",0,"",0,"",0
917711,"批发委托：巨蟾蜍革","CraftLeveTalk#6",2,"巨蟾蜍革",1,"",0,"",0,"",0
917712,"制作委托：熟练佣兵用的皮手套","CraftLeveTalk#12",0,"野猪革半指护手",1,"",0,"",0,"",0
917713,"制作委托：小猫咪的皮革项环","CraftLeveTalk#12",0,"野猪革项环",1,"",0,"",0,"",0
917714,"批发委托：捐赠给黑涡团的项环","CraftLeveTalk#12",2,"山羊革项环",1,"",0,"",0,"",0
917715,"筹集委托：异端审问官用的鞣革手箍","CraftLeveTalk#18",0,"野猪革手箍",1,"",0,"",0,"",0
917716,"制作委托：毒蜥蜴革皮靴","CraftLeveTalk#6",0,"毒蜥蜴革尖头靴",1,"",0,"",0,"",0
917717,"批发委托：防具用的野猪革","CraftLeveTalk#6",2,"野猪革",1,"",0,"",0,"",0
917718,"制作委托：优质皮革格斗服","CraftLeveTalk#18",0,"野猪革格斗服",1,"",0,"",0,"",0
917719,"制作委托：望远镜技师用的护手","CraftLeveTalk#18",0,"毒蜥蜴革半指护手",1,"",0,"",0,"",0
917720,"批发委托：结实的皮革项环","CraftLeveTalk#18",2,"野猪革项环",1,"",0,"",0,"",0
917721,"筹集委托：鸟栏管理员用的工装裤","CraftLeveTalk#19",0,"野猪革及膝裤",1,"",0,"",0,"",0
917722,"制作委托：轻便短裙","CraftLeveTalk#6",0,"野猪革短裙",1,"",0,"",0,"",0
917723,"批发委托：拳斗士风格斗服","CraftLeveTalk#6",2,"野猪革格斗服",1,"",0,"",0,"",0
917724,"制作委托：受欢迎的狩猎靴","CraftLeveTalk#19",0,"野猪革狩猎靴",1,"",0,"",0,"",0
917725,"制作委托：鸟栏管理员用的工作服","CraftLeveTalk#19",0,"野猪革皮衣",1,"",0,"",0,"",0
917726,"批发委托：修补皮鞍用的毒蜥蜴革","CraftLeveTalk#19",2,"毒蜥蜴革",1,"",0,"",0,"",0
917727,"筹集委托：送给后勤人员的皮手套","CraftLeveTalk#20",0,"盗龙革耐热手套",1,"",0,"",0,"",0
917728,"制作委托：送给引退队员的手镯","CraftLeveTalk#6",0,"盗龙革手环",1,"",0,"",0,"",0
917729,"批发委托：传说中的拳圣钢拳","CraftLeveTalk#6",2,"毒蜥蜴革钢拳",1,"",0,"",0,"",0
917730,"制作委托：长靴","CraftLeveTalk#20",0,"盗龙革长靴",1,"",0,"",0,"",0
917731,"制作委托：挖掘调查员用的狩猎靴","CraftLeveTalk#20",0,"狩猎靴",1,"",0,"",0,"",0
917732,"批发委托：打包挖掘品用的皮革","CraftLeveTalk#20",2,"盗龙革",1,"",0,"",0,"",0
917733,"制作委托：出口用的手斧","CraftLeveTalk#8",0,"青铜手斧",1,"",0,"",0,"",0
917734,"制作委托：库存用的铜铸锭（锻铁匠）","CraftLeveTalk#8",0,"青铜锭",1,"",0,"",0,"",0
917735,"筹集委托：青铜制大头铆钉（锻铁匠）","CraftLeveTalk#9",0,"青铜铆钉",1,"",0,"",0,"",0
917736,"制作委托：自卫用的斧头","CraftLeveTalk#9",0,"青铜战斧",1,"",0,"",0,"",0
917737,"制作委托：伐木用的手锯","CraftLeveTalk#9",0,"青铜手锯",1,"",0,"",0,"",0
917738,"筹集委托：甲板员用的长剑","CraftLeveTalk#8",0,"青铜手半剑",1,"",0,"",0,"",0
917739,"制作委托：面向初学者的菜刀","CraftLeveTalk#8",0,"业余厨刀",1,"",0,"",0,"",0
917740,"制作委托：北洋群岛风格的长剑","CraftLeveTalk#8",0,"青铜维京剑",1,"",0,"",0,"",0
917741,"筹集委托：加工皮革用的裁皮刀","CraftLeveTalk#9",0,"青铜裁皮刀",1,"",0,"",0,"",0
917742,"制作委托：调配农药用的研钵","CraftLeveTalk#9",0,"业余研钵",1,"",0,"",0,"",0
917743,"制作委托：保养风车用的锤子","CraftLeveTalk#9",0,"青铜雕金锤",1,"",0,"",0,"",0
917744,"筹集委托：库存用的鹤嘴锄","CraftLeveTalk#8",0,"青铜鹤嘴锄",1,"",0,"",0,"",0
917745,"制作委托：面向中级工匠的雕金工具","CraftLeveTalk#8",0,"黑铁装饰锤",1,"",0,"",0,"",0
917746,"筹集委托：训练用的长剑","CraftLeveTalk#5",0,"白钢宽刃剑",1,"",0,"",0,"",0
917747,"批发委托：面向制革匠行会的裁皮刀","CraftLeveTalk#8",2,"黑铁圆革刀",1,"",0,"",0,"",0
917748,"制作委托：整备武具用的工具","CraftLeveTalk#5",0,"黑铁鸟嘴锤",1,"",0,"",0,"",0
917749,"制作委托：作业用的手锯","CraftLeveTalk#5",0,"黑铁陆行鸟手锯",1,"",0,"",0,"",0
917750,"批发委托：调配药物用的研钵","CraftLeveTalk#5",2,"新来者研钵",1,"",0,"",0,"",0
917751,"筹集委托：剑舞用的弯刃刀","CraftLeveTalk#12",0,"白钢弯刃刀",1,"",0,"",0,"",0
917752,"制作委托：刻木品评会的奖品","CraftLeveTalk#8",0,"白钢雕纹手锯",1,"",0,"",0,"",0
917753,"批发委托：面向矿山公司的采矿工具","CraftLeveTalk#8",2,"白钢鹤嘴镐",1,"",0,"",0,"",0
917754,"制作委托：小猫咪的平斩","CraftLeveTalk#12",0,"白钢平斩",1,"",0,"",0,"",0
917755,"制作委托：取椰子用的锤子","CraftLeveTalk#12",0,"白钢碎石锤",1,"",0,"",0,"",0
917756,"批发委托：用于园艺的割草镰刀","CraftLeveTalk#12",2,"白钢镰刀",1,"",0,"",0,"",0
917757,"制作委托：库存用的铜铸锭（铸甲匠）","CraftLeveTalk#8",0,"青铜锭",1,"",0,"",0,"",0
917758,"制作委托：面对初学者的平底锅","CraftLeveTalk#8",0,"青铜平底锅",1,"",0,"",0,"",0
917759,"筹集委托：重锄之刃","CraftLeveTalk#9",0,"青铜板",1,"",0,"",0,"",0
917760,"制作委托：青铜铆钉（铸甲匠）","CraftLeveTalk#9",0,"青铜铆钉",1,"",0,"",0,"",0
917761,"制作委托：自卫用的盾","CraftLeveTalk#9",0,"青铜重盾",1,"",0,"",0,"",0
917762,"筹集委托：出口用的蒸馏器","CraftLeveTalk#8",0,"青铜蒸馏器",1,"",0,"",0,"",0
917763,"制作委托：出口用的链甲","CraftLeveTalk#8",0,"青铜锁子铠",1,"",0,"",0,"",0
917764,"制作委托：面向斧术师行会的头盔","CraftLeveTalk#8",0,"红铜开面盔",1,"",0,"",0,"",0
917765,"筹集委托：自卫用的头盔","CraftLeveTalk#9",0,"青铜角盔",1,"",0,"",0,"",0
917766,"制作委托：自卫用的锁甲靴","CraftLeveTalk#9",0,"青铜锁甲靴",1,"",0,"",0,"",0
917767,"制作委托：路障盾","CraftLeveTalk#9",0,"青铜步兵盾",1,"",0,"",0,"",0
917768,"筹集委托：面向骑兵的兜帽","CraftLeveTalk#8",0,"青铜锁甲头罩",1,"",0,"",0,"",0
917769,"制作委托：出口用的白钢铸锭","CraftLeveTalk#8",0,"白钢锭",1,"",0,"",0,"",0
917770,"筹集委托：面向义勇兵的锁甲靴","CraftLeveTalk#5",0,"黑铁重足铠",1,"",0,"",0,"",0
917771,"批发委托：面向福尔唐家族的头盔","CraftLeveTalk#8",2,"白钢角盔",1,"",0,"",0,"",0
917772,"制作委托：调配药物用的蒸馏器","CraftLeveTalk#5",0,"特制蒸馏器",1,"",0,"",0,"",0
917773,"制作委托：面向教官的板金铠","CraftLeveTalk#5",0,"黑铁重甲",1,"",0,"",0,"",0
917774,"批发委托：面向义勇兵的链甲","CraftLeveTalk#5",2,"白钢链甲",1,"",0,"",0,"",0
917775,"筹集委托：赠给剑斗士的装饰盾","CraftLeveTalk#12",0,"镶银小圆盾",1,"",0,"",0,"",0
917776,"制作委托：猛牛花纹的圆盾","CraftLeveTalk#8",0,"公牛重盾",1,"",0,"",0,"",0
917777,"批发委托：大量的长筒靴","CraftLeveTalk#8",2,"白钢长筒靴",1,"",0,"",0,"",0
917778,"制作委托：专属烹调师用的平底锅","CraftLeveTalk#12",0,"纯白平底锅",1,"",0,"",0,"",0
917779,"制作委托：小猫咪的头盔","CraftLeveTalk#12",0,"白钢骑兵头盔",1,"",0,"",0,"",0
917780,"批发委托：老手佣兵用的锁甲靴","CraftLeveTalk#12",2,"白钢铠靴",1,"",0,"",0,"",0
917781,"制作委托：用于储备的食盐","CraftLeveTalk#8",0,"食盐",6,"",0,"",0,"",0
917782,"制作委托：运货人的午餐","CraftLeveTalk#8",0,"盐烤公主鳟",3,"",0,"",0,"",0
917783,"筹集委托：样品水煮蛋","CraftLeveTalk#9",0,"水煮蛋",3,"",0,"",0,"",0
917784,"制作委托：用于饼干的甜调味料","CraftLeveTalk#9",0,"枫糖浆",3,"",0,"",0,"",0
917785,"制作委托：解恨的肉排","CraftLeveTalk#9",0,"栗鼠肉排",3,"",0,"",0,"",0
917786,"筹集委托：用于储备的葡萄干","CraftLeveTalk#8",0,"葡萄干",3,"",0,"",0,"",0
917787,"制作委托：人气商品奶油","CraftLeveTalk#8",0,"奶油",3,"",0,"",0,"",0
917788,"制作委托：孤儿们的梦想","CraftLeveTalk#8",0,"杰克南瓜灯",3,"",0,"",0,"",0
917789,"筹集委托：美味的煎鸡油菌","CraftLeveTalk#9",0,"煎鸡油菌",3,"",0,"",0,"",0
917790,"制作委托：不够的橙汁","CraftLeveTalk#9",0,"橙汁",3,"",0,"",0,"",0
917791,"制作委托：庆生巧克力的原料","CraftLeveTalk#9",0,"可可油",3,"",0,"",0,"",0
917792,"筹集委托：用于市场调查的鱼","CraftLeveTalk#8",0,"红焖皮皮拉鱼",3,"",0,"",0,"",0
917793,"制作委托：面向贸易船的饼干","CraftLeveTalk#8",0,"生姜饼干",3,"",0,"",0,"",0
917794,"筹集委托：炖肉的材料","CraftLeveTalk#5",0,"鸡高汤",6,"",0,"",0,"",0
917795,"批发委托：促销用的花茶","CraftLeveTalk#8",2,"甘菊茶",3,"",0,"",0,"",0
917796,"制作委托：面向斥候的汤","CraftLeveTalk#5",0,"翡翠豆汤",3,"",0,"",0,"",0
917797,"制作委托：送给妇女们的小圆饼","CraftLeveTalk#5",0,"小圆饼",3,"",0,"",0,"",0
917798,"批发委托：宴会上的派","CraftLeveTalk#5",2,"鳗鱼派",3,"",0,"",0,"",0
917799,"筹集委托：最高级的醋","CraftLeveTalk#12",0,"黑果醋",3,"",0,"",0,"",0
917800,"制作委托：促销用的果挞","CraftLeveTalk#8",0,"血红奇异果挞",3,"",0,"",0,"",0
917801,"批发委托：替代用的玉米粉","CraftLeveTalk#8",2,"玉米粉",4,"",0,"",0,"",0
917802,"制作委托：沉溺海豚亭的名产","CraftLeveTalk#12",0,"玉米面包",3,"",0,"",0,"",0
917803,"制作委托：小猫咪的最爱","CraftLeveTalk#12",0,"猫魅风味海产烤串",3,"",0,"",0,"",0
917804,"批发委托：为客人提供的美食","CraftLeveTalk#12",2,"烤黑鳎",3,"",0,"",0,"",0
917805,"制作委托：毒药的材料","CraftLeveTalk#13",0,"水银",1,"",0,"",0,"",0
917806,"制作委托：流行的魔导书","CraftLeveTalk#13",0,"鞣革魔导书",1,"",0,"",0,"",0
917807,"筹集委托：植物成长促进剂","CraftLeveTalk#14",0,"植物成长剂1型",1,"",0,"",0,"",0
917808,"制作委托：用于制造武具的粘着剂","CraftLeveTalk#14",0,"黏胶",1,"",0,"",0,"",0
917809,"制作委托：旅行商人的必需品","CraftLeveTalk#14",0,"解毒药",3,"",0,"",0,"",0
917810,"筹集委托：初学者用的幻杖","CraftLeveTalk#13",0,"枫木幻杖",1,"",0,"",0,"",0
917811,"制作委托：对抗沙尘的眼药","CraftLeveTalk#13",0,"眼药",3,"",0,"",0,"",0
917812,"制作委托：夫人的饮用水","CraftLeveTalk#13",0,"蒸馏水",1,"",0,"",0,"",0
917813,"筹集委托：初学者用的改良幻杖","CraftLeveTalk#14",0,"低语枫木幻杖",1,"",0,"",0,"",0
917814,"制作委托：用于缓冲的橡胶","CraftLeveTalk#14",0,"橡胶",1,"",0,"",0,"",0
917815,"制作委托：用于蜡烛的蜂蜡","CraftLeveTalk#14",0,"蜂蜡",1,"",0,"",0,"",0
917816,"筹集委托：流行的巫书","CraftLeveTalk#13",0,"枫木巫书",1,"",0,"",0,"",0
917817,"制作委托：用于魔法人偶的油","CraftLeveTalk#13",0,"蟹油",1,"",0,"",0,"",0
917818,"筹集委托：嵌在窗户上的玻璃板","CraftLeveTalk#5",0,"玻璃板",1,"",0,"",0,"",0
917819,"批发委托：面向中级秘术师的魔导书","CraftLeveTalk#13",2,"山羊革魔导书",1,"",0,"",0,"",0
917820,"制作委托：献给法师的幻杖","CraftLeveTalk#5",0,"低语梣木幻杖",1,"",0,"",0,"",0
917821,"制作委托：研究用的魔导书","CraftLeveTalk#5",0,"雕花山羊革魔导书",1,"",0,"",0,"",0
917822,"批发委托：辅城的备用药","CraftLeveTalk#5",2,"高级恢复药",3,"",0,"",0,"",0
917823,"筹集委托：用于紧急情况的军用药","CraftLeveTalk#12",0,"刚力之妙药",3,"",0,"",0,"",0
917824,"制作委托：出口用的妙药","CraftLeveTalk#13",0,"意力之妙药",3,"",0,"",0,"",0
917825,"批发委托：大量的鬼胶","CraftLeveTalk#13",2,"鬼胶",1,"",0,"",0,"",0
917826,"制作委托：合同用的墨水","CraftLeveTalk#12",0,"秘银附魔墨水",1,"",0,"",0,"",0
917827,"制作委托：用于艺术鉴赏的炼金药","CraftLeveTalk#12",0,"巧力之妙药",3,"",0,"",0,"",0
917828,"批发委托：用于维持景观的成长促进剂","CraftLeveTalk#12",2,"植物成长剂3型",1,"",0,"",0,"",0
917829,"制作委托：廉价的内衣","CraftLeveTalk#13",0,"草布内裤",1,"",0,"",0,"",0
917830,"制作委托：面向工匠的裤子","CraftLeveTalk#13",0,"草布裤袜",1,"",0,"",0,"",0
917831,"筹集委托：运货人的内衣","CraftLeveTalk#14",0,"贴身背心",1,"",0,"",0,"",0
917832,"制作委托：运货人的手套","CraftLeveTalk#14",0,"草布半指手套",1,"",0,"",0,"",0
917833,"制作委托：热卖的僧袍","CraftLeveTalk#14",0,"草布僧袍",1,"",0,"",0,"",0
917834,"筹集委托：保护头发的兜帽","CraftLeveTalk#13",0,"草布兜帽",1,"",0,"",0,"",0
917835,"制作委托：廉价的短袖罩衣","CraftLeveTalk#13",0,"草布短袖罩衣",1,"",0,"",0,"",0
917836,"制作委托：廉价的厚袍","CraftLeveTalk#13",0,"业余厚袍",1,"",0,"",0,"",0
917837,"筹集委托：面向矿山劳动者的腿套","CraftLeveTalk#14",0,"草布腿套",1,"",0,"",0,"",0
917838,"制作委托：面向牧童的束腰牧衣","CraftLeveTalk#14",0,"草布束腰牧衣",1,"",0,"",0,"",0
917839,"制作委托：面向侍者的裤子","CraftLeveTalk#14",0,"业余马裤",1,"",0,"",0,"",0
917840,"筹集委托：面向新手冒险者的棉甲","CraftLeveTalk#13",0,"草布棉甲",1,"",0,"",0,"",0
917841,"制作委托：面向船员的衬衫","CraftLeveTalk#13",0,"棉绒衬衫",1,"",0,"",0,"",0
917842,"筹集委托：回礼用的工作帽","CraftLeveTalk#5",0,"棉绒大地无檐帽",1,"",0,"",0,"",0
917843,"批发委托：流行的棉绒裤子","CraftLeveTalk#13",2,"棉绒垮裤",1,"",0,"",0,"",0
917844,"制作委托：赠给义勇兵的裤子","CraftLeveTalk#5",0,"新来者工作裤",1,"",0,"",0,"",0
917845,"制作委托：回礼用的工作帽","CraftLeveTalk#5",0,"棉绒大地无檐帽",1,"",0,"",0,"",0
917846,"批发委托：用于采集工作的裤子","CraftLeveTalk#5",2,"棉绒大地垮裤",1,"",0,"",0,"",0
917847,"筹集委托：小猫咪的裤子","CraftLeveTalk#12",0,"亚麻裤袜",1,"",0,"",0,"",0
917848,"制作委托：棉绒的短袍","CraftLeveTalk#13",0,"棉绒短袍",1,"",0,"",0,"",0
917849,"批发委托：流行的棉绒手套","CraftLeveTalk#13",2,"棉绒工作手套",1,"",0,"",0,"",0
917850,"制作委托：黑马手套","CraftLeveTalk#12",0,"亚麻半指手套",1,"",0,"",0,"",0
917851,"制作委托：用于晚会的裤子","CraftLeveTalk#12",0,"棉绒束膝裤",1,"",0,"",0,"",0
917852,"批发委托：护卫用的靴子","CraftLeveTalk#12",2,"棉绒礼鞋",1,"",0,"",0,"",0
917853,"制作委托：不够的红铜铸锭","CraftLeveTalk#13",0,"红铜锭",1,"",0,"",0,"",0
917854,"制作委托：廉价的手链","CraftLeveTalk#13",0,"红铜手链",1,"",0,"",0,"",0
917855,"筹集委托：面向新手冒险者的魔器","CraftLeveTalk#14",0,"兽骨咒角",1,"",0,"",0,"",0
917856,"制作委托：面向半路出家拳斗士的骨拳","CraftLeveTalk#14",0,"兽骨骨拳",1,"",0,"",0,"",0
917857,"制作委托：伤员用的长杖","CraftLeveTalk#14",0,"兽骨长杖",1,"",0,"",0,"",0
917858,"筹集委托：便宜的戒指","CraftLeveTalk#13",0,"红铜环",1,"",0,"",0,"",0
917859,"制作委托：廉价的耳饰","CraftLeveTalk#13",0,"红铜耳环",1,"",0,"",0,"",0
917860,"制作委托：拳斗士用的爪","CraftLeveTalk#13",0,"牡羊角爪",1,"",0,"",0,"",0
917861,"筹集委托：诅咒的项链","CraftLeveTalk#14",0,"兽骨项链",1,"",0,"",0,"",0
917862,"制作委托：用于市场调查的戒指","CraftLeveTalk#14",0,"红铜戒指",1,"",0,"",0,"",0
917863,"制作委托：用于市场调查的手镯","CraftLeveTalk#14",0,"兽骨腕环",1,"",0,"",0,"",0
917864,"筹集委托：修补麻袋用的缝衣针","CraftLeveTalk#13",0,"红铜缝针",1,"",0,"",0,"",0
917865,"制作委托：面向船员的戒指","CraftLeveTalk#13",0,"白银戒指",1,"",0,"",0,"",0
917866,"筹集委托：献给法师的戒指","CraftLeveTalk#5",0,"萤石戒指",1,"",0,"",0,"",0
917867,"批发委托：手抄本作业用的眼镜","CraftLeveTalk#13",2,"白银作业眼镜",1,"",0,"",0,"",0
917868,"制作委托：表彰优胜者的项链","CraftLeveTalk#5",0,"兽角项链",1,"",0,"",0,"",0
917869,"制作委托：美丽耀眼的宝石饰品","CraftLeveTalk#5",0,"萤石耳坠",1,"",0,"",0,"",0
917870,"批发委托：筹集防卫费用的咒杖","CraftLeveTalk#5",2,"兽齿羚羊角长杖",1,"",0,"",0,"",0
917871,"筹集委托：赠给吟游诗人的头冠","CraftLeveTalk#12",0,"白银头冠（透绿柱石）",1,"",0,"",0,"",0
917872,"制作委托：出口用的角制戒指","CraftLeveTalk#13",0,"兽角戒指",1,"",0,"",0,"",0
917873,"批发委托：孔雀石手镯","CraftLeveTalk#13",2,"孔雀石手镯",1,"",0,"",0,"",0
917874,"制作委托：专属裁衣匠用的缝衣针","CraftLeveTalk#12",0,"虫牙针",1,"",0,"",0,"",0
917875,"制作委托：小猫猫的银项环","CraftLeveTalk#12",0,"白银工艺项环",1,"",0,"",0,"",0
917876,"批发委托：孔雀石耳饰","CraftLeveTalk#12",2,"孔雀石耳坠",1,"",0,"",0,"",0
917877,"筹集委托：护身用的秘银宽刃剑","CraftLeveTalk#18",0,"秘银宽刃剑",1,"",0,"",0,"",0
917878,"制作委托：老练制革匠用的平斩","CraftLeveTalk#8",0,"革柄白钢平斩",1,"",0,"",0,"",0
917879,"批发委托：面向七贤堂的研钵","CraftLeveTalk#8",2,"重钢研钵",1,"",0,"",0,"",0
917880,"制作委托：望远镜技师用的工具","CraftLeveTalk#18",0,"白钢圆头锤",1,"",0,"",0,"",0
917881,"制作委托：加工毛皮用的圆革刀","CraftLeveTalk#18",0,"白钢圆革刀",1,"",0,"",0,"",0
917882,"批发委托：库存用的菜刀","CraftLeveTalk#18",2,"革柄白钢厨刀",1,"",0,"",0,"",0
917883,"筹集委托：破碎用的碎石锤","CraftLeveTalk#19",0,"秘银碎石锤",1,"",0,"",0,"",0
917884,"制作委托：出口用的手钳","CraftLeveTalk#8",0,"秘银手钳",1,"",0,"",0,"",0
917885,"批发委托：制造舰载炮的工具","CraftLeveTalk#8",2,"秘银锉刀",1,"",0,"",0,"",0
917886,"制作委托：秘银厨刀","CraftLeveTalk#19",0,"秘银厨刀",1,"",0,"",0,"",0
917887,"制作委托：铸甲工匠用的锤子","CraftLeveTalk#19",0,"钴铁铸甲锤",1,"",0,"",0,"",0
917888,"批发委托：组装攻城兵器的工具","CraftLeveTalk#19",2,"秘银羊角锤",1,"",0,"",0,"",0
917889,"筹集委托：挖掘用的裁皮刀","CraftLeveTalk#20",0,"绿金裁皮刀",1,"",0,"",0,"",0
917890,"制作委托：面向老练冒险者的金属锉刀","CraftLeveTalk#8",0,"钴铁锉刀",1,"",0,"",0,"",0
917891,"批发委托：面向库尔札斯的手钳","CraftLeveTalk#8",2,"钴铁手钳",1,"",0,"",0,"",0
917892,"制作委托：去除水晶用的工具","CraftLeveTalk#20",0,"钴铁圆头锤",1,"",0,"",0,"",0
917893,"制作委托：面向挖掘调查队的木匠工具","CraftLeveTalk#20",0,"钴铁羊角锤",1,"",0,"",0,"",0
917894,"批发委托：碎水晶用的碎石锤","CraftLeveTalk#20",2,"钴铁碎石锤",1,"",0,"",0,"",0
917895,"筹集委托：大型望远镜的零件","CraftLeveTalk#18",0,"秘银板",1,"",0,"",0,"",0
917896,"制作委托：面向雕金匠的秘银锭","CraftLeveTalk#8",0,"秘银锭",1,"",0,"",0,"",0
917897,"批发委托：面向佣兵的板金铠","CraftLeveTalk#8",2,"白钢重足铠",1,"",0,"",0,"",0
917898,"制作委托：面向骑兵团的手铠","CraftLeveTalk#18",0,"兽角鳞指套",1,"",0,"",0,"",0
917899,"制作委托：顺手的平底锅","CraftLeveTalk#18",0,"白钢煎锅",1,"",0,"",0,"",0
917900,"批发委托：面向骑兵团的战靴","CraftLeveTalk#18",2,"白钢战靴",1,"",0,"",0,"",0
917901,"筹集委托：面向骑兵团的锁甲头罩","CraftLeveTalk#19",0,"秘银锁甲头罩",1,"",0,"",0,"",0
917902,"制作委托：面向剑术师的战靴","CraftLeveTalk#8",0,"秘银长筒靴",1,"",0,"",0,"",0
917903,"批发委托：面向炼金术士行会的高级蒸馏器","CraftLeveTalk#8",2,"秘银蒸馏器",1,"",0,"",0,"",0
917904,"制作委托：重装骑兵用的板金手铠","CraftLeveTalk#19",0,"秘银臂甲",1,"",0,"",0,"",0
917905,"制作委托：神殿骑士的板金头盔","CraftLeveTalk#19",0,"秘银开面盔",1,"",0,"",0,"",0
917906,"批发委托：重装骑兵用的板金头盔","CraftLeveTalk#19",2,"秘银骑兵头盔",1,"",0,"",0,"",0
917907,"筹集委托：调查队员用的平底锅","CraftLeveTalk#20",0,"地狱厨锅",1,"",0,"",0,"",0
917908,"制作委托：前桅塔的建材","CraftLeveTalk#8",0,"钴铁板",1,"",0,"",0,"",0
917909,"批发委托：对龙用的板金铠","CraftLeveTalk#8",2,"秘银重甲",1,"",0,"",0,"",0
917910,"制作委托：配有保护板的战靴","CraftLeveTalk#20",0,"钴铁战靴",1,"",0,"",0,"",0
917911,"制作委托：调查队员用的长筒靴","CraftLeveTalk#20",0,"钴铁长筒靴",1,"",0,"",0,"",0
917912,"批发委托：修缮文物用的钴铁锭","CraftLeveTalk#20",2,"钴铁锭",1,"",0,"",0,"",0
917913,"筹集委托：面向占星台的面包","CraftLeveTalk#18",0,"骑士面包",3,"",0,"",0,"",0
917914,"制作委托：长期航海用的酸泡菜","CraftLeveTalk#8",0,"酸泡菜",3,"",0,"",0,"",0
917915,"批发委托：长期航海用的饼干","CraftLeveTalk#8",2,"橡果饼干",3,"",0,"",0,"",0
917916,"制作委托：受骑兵欢迎的烤鱼","CraftLeveTalk#18",0,"艾蒿烤鲤鱼",3,"",0,"",0,"",0
917917,"制作委托：宴会上的蛋奶酥","CraftLeveTalk#18",0,"奶酪蛋奶酥",3,"",0,"",0,"",0
917918,"批发委托：暖身汤","CraftLeveTalk#18",2,"韭葱洋葱汤",3,"",0,"",0,"",0
917919,"筹集委托：为神殿骑士提供的奶酪","CraftLeveTalk#19",0,"罗兰莓奶酪",3,"",0,"",0,"",0
917920,"制作委托：长期航海用的肉干","CraftLeveTalk#8",0,"牛肉干",3,"",0,"",0,"",0
917921,"批发委托：晶亮苹果汁","CraftLeveTalk#8",2,"苹果汁",3,"",0,"",0,"",0
917922,"制作委托：送去野战医院的奶酪","CraftLeveTalk#19",0,"罗兰莓奶酪",3,"",0,"",0,"",0
917923,"制作委托：面向骑兵团的便携食品","CraftLeveTalk#19",0,"油炸盐渍鳕鱼丸",3,"",0,"",0,"",0
917924,"批发委托：庆祝用的点心","CraftLeveTalk#19",2,"鱼糕",3,"",0,"",0,"",0
917925,"筹集委托：伊修加德风味庆祝用蛋糕","CraftLeveTalk#20",0,"王冠蛋糕",1,"",0,"",0,"",0
917926,"制作委托：招待梅梅卢恩用的菜肴","CraftLeveTalk#8",0,"辛辣蛋",3,"",0,"",0,"",0
917927,"批发委托：招待吉吉卢恩用的菜肴","CraftLeveTalk#8",2,"拉诺西亚吐司",3,"",0,"",0,"",0
917928,"制作委托：庆祝新发现的蘑菇菜肴","CraftLeveTalk#20",0,"草菇甘蓝卷",3,"",0,"",0,"",0
917929,"制作委托：休息时供给的健康茶","CraftLeveTalk#20",0,"香草茶",3,"",0,"",0,"",0
917930,"批发委托：拉姆布鲁斯喜欢的食物","CraftLeveTalk#20",2,"罗兰莓酸奶昔",3,"",0,"",0,"",0
917931,"筹集委托：异端审问官用的幻杖","CraftLeveTalk#18",0,"绿叶橡木幻杖",1,"",0,"",0,"",0
917932,"制作委托：失明猛毒药","CraftLeveTalk#13",0,"失明猛毒药",3,"",0,"",0,"",0
917933,"批发委托：热卖商品猛毒药","CraftLeveTalk#13",2,"损血猛毒药",3,"",0,"",0,"",0
917934,"制作委托：面向占星台的魔导书","CraftLeveTalk#18",0,"雕花白银之书",1,"",0,"",0,"",0
917935,"制作委托：失眠症的对策","CraftLeveTalk#18",0,"睡眠猛毒药",3,"",0,"",0,"",0
917936,"批发委托：异端审问官用的麻醉药","CraftLeveTalk#18",2,"麻痹猛毒药",3,"",0,"",0,"",0
917937,"筹集委托：面向骑兵团的军用药","CraftLeveTalk#19",0,"超级恢复药",3,"",0,"",0,"",0
917938,"制作委托：卷扬机的润滑油","CraftLeveTalk#13",0,"鲨油",1,"",0,"",0,"",0
917939,"批发委托：出口用的苏醒药","CraftLeveTalk#13",2,"苏醒药",3,"",0,"",0,"",0
917940,"制作委托：异端记录用的墨水","CraftLeveTalk#19",0,"绿金附魔墨水",1,"",0,"",0,"",0
917941,"制作委托：新战术的验证材料","CraftLeveTalk#19",0,"秘银之书",1,"",0,"",0,"",0
917942,"批发委托：防锈用的羊毛脂","CraftLeveTalk#19",2,"羊毛脂",1,"",0,"",0,"",0
917943,"筹集委托：防身用的睡眠剧毒药","CraftLeveTalk#20",0,"睡眠剧毒药",3,"",0,"",0,"",0
917944,"制作委托：出口用的金针","CraftLeveTalk#13",0,"金针",3,"",0,"",0,"",0
917945,"批发委托：面向富裕阶层的耐力之秘药","CraftLeveTalk#13",2,"耐力之秘药",3,"",0,"",0,"",0
917946,"制作委托：睡眠卫士沉默毒药","CraftLeveTalk#20",0,"沉默剧毒药",3,"",0,"",0,"",0
917947,"制作委托：捕雕用的毒药","CraftLeveTalk#20",0,"损血剧毒药",3,"",0,"",0,"",0
917948,"批发委托：挖掘工人用的炼金药","CraftLeveTalk#20",2,"刚力之秘药",3,"",0,"",0,"",0
917949,"筹集委托：望远镜技师用的工作帽","CraftLeveTalk#18",0,"亚麻大地无檐帽",1,"",0,"",0,"",0
917950,"制作委托：面向剑术师的裤子","CraftLeveTalk#13",0,"亚麻软甲裤",1,"",0,"",0,"",0
917951,"批发委托：出口用的朴素帽子","CraftLeveTalk#13",2,"亚麻宽边帽",1,"",0,"",0,"",0
917952,"制作委托：亚麻工作服","CraftLeveTalk#18",0,"亚麻巧匠短上衣",1,"",0,"",0,"",0
917953,"制作委托：防寒用的僧袍","CraftLeveTalk#18",0,"亚麻僧袍",1,"",0,"",0,"",0
917954,"批发委托：面向骑兵的紧身裤","CraftLeveTalk#18",2,"亚麻紧身裤",1,"",0,"",0,"",0
917955,"筹集委托：面向后勤人员的腿套","CraftLeveTalk#19",0,"呢绒腿套",1,"",0,"",0,"",0
917956,"制作委托：鸟栏管理员用的围裙装","CraftLeveTalk#13",0,"亚麻围裙装",1,"",0,"",0,"",0
917957,"批发委托：佣人用的制帽","CraftLeveTalk#13",2,"亚麻猎鹿帽",1,"",0,"",0,"",0
917958,"制作委托：面向运货人的束腰衣","CraftLeveTalk#19",0,"呢绒束腰猎衣",1,"",0,"",0,"",0
917959,"制作委托：神殿骑士用的防寒裤","CraftLeveTalk#19",0,"呢绒紧身裤",1,"",0,"",0,"",0
917960,"批发委托：热卖的宽边帽","CraftLeveTalk#19",2,"呢绒宽边帽",1,"",0,"",0,"",0
917961,"筹集委托：挖掘工人用的工装裤","CraftLeveTalk#20",0,"纤维裤袜",1,"",0,"",0,"",0
917962,"制作委托：法师用的宽边帽","CraftLeveTalk#13",0,"纤维宽边帽",1,"",0,"",0,"",0
917963,"批发委托：专属烹调师用的衣服","CraftLeveTalk#13",2,"呢绒围裙装",1,"",0,"",0,"",0
917964,"制作委托：面向老练冒险者的束腰衣","CraftLeveTalk#20",0,"纤维束腰猎衣",1,"",0,"",0,"",0
917965,"制作委托：博物学家用的长袍","CraftLeveTalk#20",0,"纤维长袍",1,"",0,"",0,"",0
917966,"批发委托：挖掘工人用的工作帽","CraftLeveTalk#20",2,"呢绒猎鹿帽",1,"",0,"",0,"",0
917967,"筹集委托：异端审问官用的手镯","CraftLeveTalk#18",0,"海蓝石手镯",1,"",0,"",0,"",0
917968,"制作委托：秘银戒指","CraftLeveTalk#13",0,"秘银戒指",1,"",0,"",0,"",0
917969,"批发委托：热卖的咒杖","CraftLeveTalk#13",2,"火华咒角",1,"",0,"",0,"",0
917970,"制作委托：橄榄石首饰","CraftLeveTalk#18",0,"橄榄石项环",1,"",0,"",0,"",0
917971,"制作委托：防狼护身符","CraftLeveTalk#18",0,"狼牙项链",1,"",0,"",0,"",0
917972,"批发委托：伊修加德的宝石饰品","CraftLeveTalk#18",2,"秘银耳环",1,"",0,"",0,"",0
917973,"筹集委托：红珊瑚戒指","CraftLeveTalk#19",0,"红珊瑚戒指",1,"",0,"",0,"",0
917974,"制作委托：当红剑斗士的耳夹","CraftLeveTalk#13",0,"秘银耳夹",1,"",0,"",0,"",0
917975,"批发委托：红珊瑚手镯","CraftLeveTalk#13",2,"红珊瑚腕环",1,"",0,"",0,"",0
917976,"制作委托：绿金护喉甲","CraftLeveTalk#19",0,"绿金冲锋项环",1,"",0,"",0,"",0
917977,"制作委托：面向骑兵团的魔器","CraftLeveTalk#19",0,"兽角长杖",1,"",0,"",0,"",0
917978,"批发委托：橄榄石耳饰","CraftLeveTalk#19",2,"橄榄石耳坠",1,"",0,"",0,"",0
917979,"筹集委托：希望的首饰","CraftLeveTalk#20",0,"碧玺项环",1,"",0,"",0,"",0
917980,"制作委托：出口用的头冠","CraftLeveTalk#13",0,"绿金头冠（琥珀）",1,"",0,"",0,"",0
917981,"批发委托：红珊瑚首饰","CraftLeveTalk#13",2,"红珊瑚项链",1,"",0,"",0,"",0
917982,"制作委托：面向调查员的缝衣针","CraftLeveTalk#20",0,"绿金缝针",1,"",0,"",0,"",0
917983,"制作委托：送给股东的礼物","CraftLeveTalk#20",0,"琥珀戒指",1,"",0,"",0,"",0
917984,"批发委托：团结的证明","CraftLeveTalk#20",2,"琥珀项环",1,"",0,"",0,"",0
917985,"指定采集：腌制用的罗敏萨鳀鱼","CraftLeveTalk#21",0,"罗敏萨鳀鱼",3,"",0,"",0,"",0
917986,"指定采集：原创菜肴用的虾虎","CraftLeveTalk#21",0,"梅尔托尔虾虎",3,"",0,"",0,"",0
917987,"指定采集：鱼高汤用的海带","CraftLeveTalk#21",0,"星里海带",3,"",0,"",0,"",0
917988,"指定采集：原创菜肴用的虾","CraftLeveTalk#21",0,"手指虾",3,"",0,"",0,"",0
917989,"指定采集：原创菜肴用的水母","CraftLeveTalk#21",0,"海云水母",3,"",0,"",0,"",0
917990,"指定采集：原创菜肴用的观赏鱼","CraftLeveTalk#21",0,"珊瑚蝶",3,"",0,"",0,"",0
917991,"大量采集：原创菜肴用的棘皮动物","CraftLeveTalk#21",2,"藤皮海参",3,"",0,"",0,"",0
917992,"大量采集：原创菜肴用的鲱鱼","CraftLeveTalk#21",2,"海港鲱",3,"",0,"",0,"",0
917993,"指定采集：当地人喜欢吃的鲽鱼","CraftLeveTalk#22",0,"莫拉比鲽鱼",3,"",0,"",0,"",0
917994,"指定采集：腌制用的虎纹鳕","CraftLeveTalk#22",0,"虎纹鳕",3,"",0,"",0,"",0
917995,"大量采集：面向卢恩族的石软蟹","CraftLeveTalk#22",2,"石软蟹",3,"",0,"",0,"",0
917996,"大量采集：肥料用的鲱鱼","CraftLeveTalk#22",2,"海港鲱",3,"",0,"",0,"",0
917997,"指定采集：热卖商品罗斯利特牡蛎","CraftLeveTalk#23",0,"罗斯利特牡蛎",3,"",0,"",0,"",0
917998,"指定采集：不够的折刀贝","CraftLeveTalk#23",0,"折刀贝",3,"",0,"",0,"",0
917999,"大量采集：面向土特产店的白珊瑚","CraftLeveTalk#23",2,"白珊瑚",3,"",0,"",0,"",0
918000,"大量采集：用于炼金材料的钢盔鲎","CraftLeveTalk#23",2,"钢盔鲎",3,"",0,"",0,"",0
918001,"指定采集：观赏用的铜鱼","CraftLeveTalk#24",0,"铜鱼",3,"",0,"",0,"",0
918002,"指定采集：最喜欢的黑鳗","CraftLeveTalk#24",0,"黑鳗",3,"",0,"",0,"",0
918003,"大量采集：驱除仙女鲈","CraftLeveTalk#24",2,"仙女鲈",3,"",0,"",0,"",0
918004,"大量采集：代人比赛","CraftLeveTalk#24",2,"暗塘鳢",3,"",0,"",0,"",0
918005,"指定采集：驱除黑鬼鱼","CraftLeveTalk#24",0,"黑鬼鱼",3,"",0,"",0,"",0
918006,"指定采集：热卖商品宇格拉姆鲑鱼","CraftLeveTalk#24",0,"宇格拉姆鲑鱼",3,"",0,"",0,"",0
918007,"大量采集：鲈鱼丸子的材料","CraftLeveTalk#24",2,"暗鲈",3,"",0,"",0,"",0
918008,"大量采集：用于庭院的观赏鱼","CraftLeveTalk#24",2,"清道琵琶鱼",3,"",0,"",0,"",0
918009,"指定采集：小猫咪的烤串材料","CraftLeveTalk#25",0,"灰海金枪鱼",3,"",0,"",0,"",0
918010,"指定采集：醋鲱鱼","CraftLeveTalk#25",0,"苍茫鲱",3,"",0,"",0,"",0
918011,"大量采集：酒宴用的黑鳎","CraftLeveTalk#25",2,"黑鳎",3,"",0,"",0,"",0
918012,"大量采集：用途不明的苍皮海参","CraftLeveTalk#25",2,"苍皮海参",3,"",0,"",0,"",0
918013,"指定采集：面向神殿骑士的樱鳟","CraftLeveTalk#26",0,"樱鳟",3,"",0,"",0,"",0
918014,"指定采集：正宗绯红鳟","CraftLeveTalk#26",0,"绯红鳟",3,"",0,"",0,"",0
918015,"大量采集：驱除巨鲈","CraftLeveTalk#26",2,"巨鲈",3,"",0,"",0,"",0
918016,"大量采集：药用绿灯球藻","CraftLeveTalk#26",2,"绿灯球藻",3,"",0,"",0,"",0
918017,"指定采集：确认放养鳟鱼的状态","CraftLeveTalk#27",0,"石绿湖鳟鱼",3,"",0,"",0,"",0
918018,"指定采集：用于储备的狗鱼","CraftLeveTalk#27",0,"北方狗鱼",3,"",0,"",0,"",0
918019,"大量采集：故乡味道的公鱼","CraftLeveTalk#27",2,"阿巴拉提亚公鱼",3,"",0,"",0,"",0
918020,"大量采集：撒饵用的泥鳅","CraftLeveTalk#27",2,"黄金鳅",3,"",0,"",0,"",0
918021,"指定采集：研究用的震雷鱼","CraftLeveTalk#28",0,"震雷鱼",3,"",0,"",0,"",0
918022,"指定采集：研究用的北洲鲈","CraftLeveTalk#28",0,"北洲鲈",3,"",0,"",0,"",0
918023,"大量采集：流行的蜗牛","CraftLeveTalk#28",2,"火狱蜗牛",3,"",0,"",0,"",0
918024,"大量采集：驱除淤泥跳鱼","CraftLeveTalk#28",2,"淤泥跳鱼",3,"",0,"",0,"",0
918025,"制作委托：皇都修复用建材","CraftLeveTalk#29",0,"雪松木材",1,"",0,"",0,"",0
918026,"制作委托：皇都防卫用训练枪","CraftLeveTalk#29",0,"灵银三尖枪",1,"",0,"",0,"",0
918027,"批发委托：弓术训练用弓","CraftLeveTalk#29",2,"雪松长弓",1,"",0,"",0,"",0
918028,"大规模制作委托：皇都重建用建材","CraftLeveTalk#29",0,"雪松木材",5,"",0,"",0,"",0
918029,"大规模制作委托：皇都防卫队的训练枪","CraftLeveTalk#29",0,"灵银三尖枪",1,"灵银三尖枪",1,"灵银三尖枪",1,"",0
918030,"大规模批发委托：弓术训练用弓","CraftLeveTalk#29",5,"雪松长弓",1,"",0,"",0,"",0
918031,"制作委托：弓术大会的奖品","CraftLeveTalk#29",0,"圣雪松复合弓",1,"",0,"",0,"",0
918032,"制作委托：纪念品钓竿","CraftLeveTalk#29",0,"雪松钓竿",1,"",0,"",0,"",0
918033,"批发委托：赠与协助者的项链","CraftLeveTalk#29",2,"圣雪松项链",1,"",0,"",0,"",0
918034,"大规模制作委托：弓术大会的奖品","CraftLeveTalk#29",0,"圣雪松复合弓",1,"圣雪松复合弓",1,"圣雪松复合弓",1,"",0
918035,"大规模制作委托：纪念品钓竿","CraftLeveTalk#29",0,"雪松钓竿",1,"雪松钓竿",1,"雪松钓竿",1,"",0
918036,"大规模批发委托：赠与协助者的项链","CraftLeveTalk#29",5,"圣雪松项链",1,"",0,"",0,"",0
918037,"制作委托：应用测试用法杖","CraftLeveTalk#29",0,"暗栗木法杖",1,"",0,"",0,"",0
918038,"制作委托：神殿骑士团的裁缝工具","CraftLeveTalk#29",0,"暗栗木纺车",1,"",0,"",0,"",0
918039,"批发委托：制造货车用木材","CraftLeveTalk#29",2,"暗栗木木材",1,"",0,"",0,"",0
918040,"大规模制作委托：应用测试用法杖","CraftLeveTalk#29",0,"暗栗木法杖",1,"暗栗木法杖",1,"暗栗木法杖",1,"",0
918041,"大规模制作委托：神殿骑士团的裁缝工具","CraftLeveTalk#29",0,"暗栗木纺车",1,"暗栗木纺车",1,"暗栗木纺车",1,"",0
918042,"大规模批发委托：制造货车用木材","CraftLeveTalk#29",5,"暗栗木木材",1,"",0,"",0,"",0
918043,"制作委托：赠与木匠的腕环","CraftLeveTalk#29",0,"祝圣栗木腕环",1,"",0,"",0,"",0
918044,"制作委托：送往隼巢的弓","CraftLeveTalk#29",0,"祝圣栗木长弓",1,"",0,"",0,"",0
918045,"批发委托：义勇弓兵用面具","CraftLeveTalk#29",2,"祝圣栗木精准假面",1,"",0,"",0,"",0
918046,"大规模制作委托：赠与木匠的腕环","CraftLeveTalk#29",0,"祝圣栗木腕环",1,"祝圣栗木腕环",1,"祝圣栗木腕环",1,"",0
918047,"大规模制作委托：送往隼巢的弓","CraftLeveTalk#29",0,"祝圣栗木长弓",1,"祝圣栗木长弓",1,"祝圣栗木长弓",1,"",0
918048,"大规模批发委托：义勇弓兵用面具","CraftLeveTalk#29",5,"祝圣栗木精准假面",1,"",0,"",0,"",0
918049,"制作委托：防卫塔用建材","CraftLeveTalk#29",0,"桦木木材",1,"",0,"",0,"",0
918050,"制作委托：对龙用研磨工具","CraftLeveTalk#29",0,"龙鳞砂轮机",1,"",0,"",0,"",0
918051,"批发委托：表彰勇士的长枪","CraftLeveTalk#29",2,"精金长枪",1,"",0,"",0,"",0
918052,"大规模制作委托：防卫塔用建材","CraftLeveTalk#29",0,"桦木木材",5,"",0,"",0,"",0
918053,"大规模制作委托：对龙用研磨工具","CraftLeveTalk#29",0,"龙鳞砂轮机",1,"龙鳞砂轮机",1,"龙鳞砂轮机",1,"",0
918054,"大规模批发委托：表彰勇士的长枪","CraftLeveTalk#29",5,"精金长枪",1,"",0,"",0,"",0
918055,"制作委托：枪术训练用皮裤","CraftLeveTalk#29",0,"古鸟革制敌马裤",1,"",0,"",0,"",0
918056,"制作委托：补给部队用靴子","CraftLeveTalk#29",0,"古鸟革大地长筒靴",1,"",0,"",0,"",0
918057,"批发委托：皇都防卫队的皮手套","CraftLeveTalk#29",2,"古鸟革精准手套",1,"",0,"",0,"",0
918058,"大规模制作委托：枪术训练用皮裤","CraftLeveTalk#29",0,"古鸟革制敌马裤",1,"古鸟革制敌马裤",1,"古鸟革制敌马裤",1,"",0
918059,"大规模制作委托：补给部队用靴子","CraftLeveTalk#29",0,"古鸟革大地长筒靴",1,"古鸟革大地长筒靴",1,"古鸟革大地长筒靴",1,"",0
918060,"大规模批发委托：皇都防卫队的皮手套","CraftLeveTalk#29",5,"古鸟革精准手套",1,"",0,"",0,"",0
918061,"制作委托：模型箭靶用飞龙革","CraftLeveTalk#29",0,"飞龙革",1,"",0,"",0,"",0
918062,"制作委托：飞龙革狮子盔","CraftLeveTalk#29",0,"飞龙革御敌鬃盔",1,"",0,"",0,"",0
918063,"批发委托：皇都防卫队的皮质护袖","CraftLeveTalk#29",2,"飞龙革精准护袖",1,"",0,"",0,"",0
918064,"大规模制作委托：模型箭靶用飞龙革","CraftLeveTalk#29",0,"飞龙革",5,"",0,"",0,"",0
918065,"大规模制作委托：飞龙革狮子盔","CraftLeveTalk#29",0,"飞龙革御敌鬃盔",1,"飞龙革御敌鬃盔",1,"飞龙革御敌鬃盔",1,"",0
918066,"大规模批发委托：皇都防卫队的皮质护袖","CraftLeveTalk#29",5,"飞龙革精准护袖",1,"",0,"",0,"",0
918067,"制作委托：送给铁杉村民的衣服","CraftLeveTalk#29",0,"长颈驼革坎肩",1,"",0,"",0,"",0
918068,"制作委托：送给猎人的皮靴","CraftLeveTalk#29",0,"长颈驼革精准护腿",1,"",0,"",0,"",0
918069,"批发委托：龙骑士候补的裤子","CraftLeveTalk#29",2,"长颈驼革制敌马裤",1,"",0,"",0,"",0
918070,"大规模制作委托：送给铁杉村民的衣服","CraftLeveTalk#29",0,"长颈驼革坎肩",1,"长颈驼革坎肩",1,"长颈驼革坎肩",1,"",0
918071,"大规模制作委托：送给猎人的皮靴","CraftLeveTalk#29",0,"长颈驼革精准护腿",1,"长颈驼革精准护腿",1,"长颈驼革精准护腿",1,"",0
918072,"大规模批发委托：龙骑士候补的裤子","CraftLeveTalk#29",5,"长颈驼革制敌马裤",1,"",0,"",0,"",0
918073,"制作委托：祝福屠龙者的腕环","CraftLeveTalk#29",0,"巨龙革手环",1,"",0,"",0,"",0
918074,"制作委托：赠与祭司的皮手套","CraftLeveTalk#29",0,"巨龙革治愈手套",1,"",0,"",0,"",0
918075,"批发委托：模型标靶用巨龙革","CraftLeveTalk#29",2,"巨龙革",1,"",0,"",0,"",0
918076,"大规模制作委托：祝福屠龙者的腕环","CraftLeveTalk#29",0,"巨龙革手环",1,"巨龙革手环",1,"巨龙革手环",1,"",0
918077,"大规模制作委托：赠与祭司的皮手套","CraftLeveTalk#29",0,"巨龙革治愈手套",1,"巨龙革治愈手套",1,"巨龙革治愈手套",1,"",0
918078,"大规模批发委托：模型标靶用巨龙革","CraftLeveTalk#29",5,"巨龙革",1,"",0,"",0,"",0
918079,"制作委托：龙骑士候补的皮手套","CraftLeveTalk#29",0,"安菲瑟龙革制敌护臂",1,"",0,"",0,"",0
918080,"制作委托：表彰魔法师的帽子","CraftLeveTalk#29",0,"安菲瑟龙革咏咒宽边帽",1,"",0,"",0,"",0
918081,"批发委托：魔法障壁的代价","CraftLeveTalk#29",2,"安菲瑟龙革咏咒高筒靴",1,"",0,"",0,"",0
918082,"大规模制作委托：龙骑士候补的皮手套","CraftLeveTalk#29",0,"安菲瑟龙革制敌护臂",1,"安菲瑟龙革制敌护臂",1,"安菲瑟龙革制敌护臂",1,"",0
918083,"大规模制作委托：表彰魔法师的帽子","CraftLeveTalk#29",0,"安菲瑟龙革咏咒宽边帽",1,"安菲瑟龙革咏咒宽边帽",1,"安菲瑟龙革咏咒宽边帽",1,"",0
918084,"大规模批发委托：魔法障壁的代价","CraftLeveTalk#29",5,"安菲瑟龙革咏咒高筒靴",1,"",0,"",0,"",0
918085,"制作委托：皇都防卫队的单手剑","CraftLeveTalk#29",0,"灵银斗剑",1,"",0,"",0,"",0
918086,"制作委托：格斗训练用武器","CraftLeveTalk#29",0,"灵银拳剑",1,"",0,"",0,"",0
918087,"批发委托：对龙弩炮用金属","CraftLeveTalk#29",2,"灵银块",1,"",0,"",0,"",0
918088,"大规模制作委托：皇都防卫队的单手剑","CraftLeveTalk#29",0,"灵银斗剑",1,"灵银斗剑",1,"灵银斗剑",1,"",0
918089,"大规模制作委托：格斗训练用武器","CraftLeveTalk#29",0,"灵银拳剑",1,"灵银拳剑",1,"灵银拳剑",1,"",0
918090,"大规模批发委托：对龙弩炮用金属","CraftLeveTalk#29",5,"灵银块",1,"",0,"",0,"",0
918091,"制作委托：处刑人用大剑","CraftLeveTalk#29",0,"灵银双手剑",1,"",0,"",0,"",0
918092,"制作委托：飞空艇成员用短剑","CraftLeveTalk#29",0,"灵银刺刀",1,"",0,"",0,"",0
918093,"批发委托：前线部队用烹调工具","CraftLeveTalk#29",2,"灵银厨刀",1,"",0,"",0,"",0
918094,"大规模制作委托：处刑人用大剑","CraftLeveTalk#29",0,"灵银双手剑",1,"灵银双手剑",1,"灵银双手剑",1,"",0
918095,"大规模制作委托：飞空艇成员用短剑","CraftLeveTalk#29",0,"灵银刺刀",1,"灵银刺刀",1,"灵银刺刀",1,"",0
918096,"大规模批发委托：前线部队用烹调工具","CraftLeveTalk#29",5,"灵银厨刀",1,"",0,"",0,"",0
918097,"制作委托：工兵用裁皮刀","CraftLeveTalk#29",0,"白钛制革刀",1,"",0,"",0,"",0
918098,"制作委托：木工增员用手锯","CraftLeveTalk#29",0,"硬银手锯",1,"",0,"",0,"",0
918099,"批发委托：测评用短火枪","CraftLeveTalk#29",2,"白钛明火枪",1,"",0,"",0,"",0
918100,"大规模制作委托：工兵用裁皮刀","CraftLeveTalk#29",0,"白钛制革刀",1,"白钛制革刀",1,"白钛制革刀",1,"",0
918101,"大规模制作委托：木工增员用手锯","CraftLeveTalk#29",0,"硬银手锯",1,"硬银手锯",1,"硬银手锯",1,"",0
918102,"大规模批发委托：测评用短火枪","CraftLeveTalk#29",5,"白钛明火枪",1,"",0,"",0,"",0
918103,"制作委托：改造弩炮用的金属","CraftLeveTalk#29",0,"白钛锭",1,"",0,"",0,"",0
918104,"制作委托：劈废材用的战斧","CraftLeveTalk#29",0,"白钛战斧",1,"",0,"",0,"",0
918105,"批发委托：专属锻铁匠的工具","CraftLeveTalk#29",2,"白钛锻铁锤",1,"",0,"",0,"",0
918106,"大规模制作委托：改造弩炮用的金属","CraftLeveTalk#29",0,"白钛锭",5,"",0,"",0,"",0
918107,"大规模制作委托：劈废材用的战斧","CraftLeveTalk#29",0,"白钛战斧",1,"白钛战斧",1,"白钛战斧",1,"",0
918108,"大规模批发委托：专属锻铁匠的工具","CraftLeveTalk#29",5,"白钛锻铁锤",1,"",0,"",0,"",0
918109,"制作委托：箭头用精金钢","CraftLeveTalk#29",0,"精金块",1,"",0,"",0,"",0
918110,"制作委托：碎冰的鹤嘴镐","CraftLeveTalk#29",0,"精金鹤嘴镐",1,"",0,"",0,"",0
918111,"批发委托：肢解龙的大剑","CraftLeveTalk#29",2,"精金双手剑",1,"",0,"",0,"",0
918112,"大规模制作委托：箭头用精金钢","CraftLeveTalk#29",0,"精金块",5,"",0,"",0,"",0
918113,"大规模制作委托：碎冰的鹤嘴镐","CraftLeveTalk#29",0,"精金鹤嘴镐",1,"精金鹤嘴镐",1,"精金鹤嘴镐",1,"",0
918114,"大规模批发委托：肢解龙的大剑","CraftLeveTalk#29",5,"精金双手剑",1,"",0,"",0,"",0
918115,"制作委托：填补空缺用的铠甲","CraftLeveTalk#29",0,"灵银制敌锁子铠",1,"",0,"",0,"",0
918116,"制作委托：皇都重建用铆钉","CraftLeveTalk#29",0,"灵银铆钉",1,"",0,"",0,"",0
918117,"批发委托：皇都防卫队的盾","CraftLeveTalk#29",2,"灵银步兵盾",1,"",0,"",0,"",0
918118,"大规模制作委托：填补空缺用的铠甲","CraftLeveTalk#29",0,"灵银制敌锁子铠",1,"灵银制敌锁子铠",1,"灵银制敌锁子铠",1,"",0
918119,"大规模制作委托：皇都重建用铆钉","CraftLeveTalk#29",0,"灵银铆钉",5,"",0,"",0,"",0
918120,"大规模批发委托：皇都防卫队的盾","CraftLeveTalk#29",5,"灵银步兵盾",1,"",0,"",0,"",0
918121,"制作委托：模拟战用的盾","CraftLeveTalk#29",0,"灵银双剑机关盾",1,"",0,"",0,"",0
918122,"制作委托：医院用炼金工具","CraftLeveTalk#29",0,"灵银蒸馏器",1,"",0,"",0,"",0
918123,"批发委托：前线部队用煎锅","CraftLeveTalk#29",2,"仙人刺煎锅",1,"",0,"",0,"",0
918124,"大规模制作委托：模拟战用的盾","CraftLeveTalk#29",0,"灵银双剑机关盾",1,"灵银双剑机关盾",1,"灵银双剑机关盾",1,"",0
918125,"大规模制作委托：医院用炼金工具","CraftLeveTalk#29",0,"灵银蒸馏器",1,"灵银蒸馏器",1,"灵银蒸馏器",1,"",0
918126,"大规模批发委托：前线部队用煎锅","CraftLeveTalk#29",5,"仙人刺煎锅",1,"",0,"",0,"",0
918127,"制作委托：高精度齿轮用金属","CraftLeveTalk#29",0,"白钛块",1,"",0,"",0,"",0
918128,"制作委托：龙骑士候补的金属盔","CraftLeveTalk#29",0,"白钛制敌头盔",1,"",0,"",0,"",0
918129,"批发委托：赠与胜者的甲胄","CraftLeveTalk#29",2,"白钛御敌战铠",1,"",0,"",0,"",0
918130,"大规模制作委托：高精度齿轮用金属","CraftLeveTalk#29",0,"白钛块",5,"",0,"",0,"",0
918131,"大规模制作委托：龙骑士候补的金属盔","CraftLeveTalk#29",0,"白钛制敌头盔",1,"白钛制敌头盔",1,"白钛制敌头盔",1,"",0
918132,"大规模批发委托：赠与胜者的甲胄","CraftLeveTalk#29",5,"白钛御敌战铠",1,"",0,"",0,"",0
918133,"制作委托：表彰用的圆盾","CraftLeveTalk#29",0,"白钛重盾",1,"",0,"",0,"",0
918134,"制作委托：异端审问官的要求","CraftLeveTalk#29",0,"白钛游击头甲",1,"",0,"",0,"",0
918135,"批发委托：义勇兵用笼手","CraftLeveTalk#29",2,"白钛御敌臂甲",1,"",0,"",0,"",0
918136,"大规模制作委托：表彰用的圆盾","CraftLeveTalk#29",0,"白钛重盾",1,"白钛重盾",1,"白钛重盾",1,"",0
918137,"大规模制作委托：异端审问官的要求","CraftLeveTalk#29",0,"白钛游击头甲",1,"白钛游击头甲",1,"白钛游击头甲",1,"",0
918138,"大规模批发委托：义勇兵用笼手","CraftLeveTalk#29",5,"白钛御敌臂甲",1,"",0,"",0,"",0
918139,"制作委托：表彰勇士的锁甲裤","CraftLeveTalk#29",0,"精金御敌锁甲骑兵裤",1,"",0,"",0,"",0
918140,"制作委托：龙骑士候补的战靴","CraftLeveTalk#29",0,"精金制敌腿甲靴",1,"",0,"",0,"",0
918141,"批发委托：捍卫者号的铆钉","CraftLeveTalk#29",2,"精金铆钉",1,"",0,"",0,"",0
918142,"大规模制作委托：表彰勇士的锁甲裤","CraftLeveTalk#29",0,"精金御敌锁甲骑兵裤",1,"精金御敌锁甲骑兵裤",1,"精金御敌锁甲骑兵裤",1,"",0
918143,"大规模制作委托：龙骑士候补的战靴","CraftLeveTalk#29",0,"精金制敌腿甲靴",1,"精金制敌腿甲靴",1,"精金制敌腿甲靴",1,"",0
918144,"大规模批发委托：捍卫者号的铆钉","CraftLeveTalk#29",5,"精金铆钉",1,"",0,"",0,"",0
918145,"制作委托：对立功少女的奖励","CraftLeveTalk#29",0,"无花果奶冻",3,"",0,"",0,"",0
918146,"制作委托：犒劳返乡将士的菜肴","CraftLeveTalk#29",0,"菜包肉",3,"",0,"",0,"",0
918147,"批发委托：感染人心的汤","CraftLeveTalk#29",2,"芝士焗洋葱汤",3,"",0,"",0,"",0
918148,"大规模制作委托：对立功少女的奖励","CraftLeveTalk#29",0,"无花果奶冻",9,"",0,"",0,"",0
918149,"大规模制作委托：犒劳返乡将士的菜肴","CraftLeveTalk#29",0,"菜包肉",9,"",0,"",0,"",0
918150,"大规模批发委托：感染人心的汤","CraftLeveTalk#29",5,"芝士焗洋葱汤",3,"",0,"",0,"",0
918151,"制作委托：送往前线的黄油","CraftLeveTalk#29",0,"发酵黄油",3,"",0,"",0,"",0
918152,"制作委托：夜勤士兵的早餐","CraftLeveTalk#29",0,"伊修加德松饼",3,"",0,"",0,"",0
918153,"批发委托：共同训练后的晚餐","CraftLeveTalk#29",2,"千层长颈驼焗野菜",3,"",0,"",0,"",0
918154,"大规模制作委托：送往前线的黄油","CraftLeveTalk#29",0,"发酵黄油",9,"",0,"",0,"",0
918155,"大规模制作委托：夜勤士兵的早餐","CraftLeveTalk#29",0,"伊修加德松饼",9,"",0,"",0,"",0
918156,"大规模批发委托：共同训练后的晚餐","CraftLeveTalk#29",5,"千层长颈驼焗野菜",3,"",0,"",0,"",0
918157,"制作委托：会议用快餐","CraftLeveTalk#29",0,"皇家蒸蛋",3,"",0,"",0,"",0
918158,"制作委托：犒劳义勇兵的汤","CraftLeveTalk#29",0,"绿宝石汤",3,"",0,"",0,"",0
918159,"批发委托：为视察团准备的菜肴","CraftLeveTalk#29",2,"千层长颈驼炖野菜",3,"",0,"",0,"",0
918160,"大规模制作委托：会议用快餐","CraftLeveTalk#29",0,"皇家蒸蛋",9,"",0,"",0,"",0
918161,"大规模制作委托：犒劳义勇兵的汤","CraftLeveTalk#29",0,"绿宝石汤",9,"",0,"",0,"",0
918162,"大规模批发委托：为视察团准备的菜肴","CraftLeveTalk#29",5,"千层长颈驼炖野菜",3,"",0,"",0,"",0
918163,"制作委托：调味的酱汁","CraftLeveTalk#29",0,"蛋黄酱",3,"",0,"",0,"",0
918164,"制作委托：面向伤兵的饮料","CraftLeveTalk#29",0,"冻雾鸡尾酒",3,"",0,"",0,"",0
918165,"批发委托：晚餐会的鱼","CraftLeveTalk#29",2,"菌蒸皮皮拉鱼",3,"",0,"",0,"",0
918166,"大规模制作委托：调味的酱汁","CraftLeveTalk#29",0,"蛋黄酱",9,"",0,"",0,"",0
918167,"大规模制作委托：面向伤兵的饮料","CraftLeveTalk#29",0,"冻雾鸡尾酒",9,"",0,"",0,"",0
918168,"大规模批发委托：晚餐会的鱼","CraftLeveTalk#29",5,"菌蒸皮皮拉鱼",3,"",0,"",0,"",0
918169,"制作委托：总骑士长小小的奢侈","CraftLeveTalk#29",0,"桦木糖浆",3,"",0,"",0,"",0
918170,"制作委托：庆祝出师的菜肴","CraftLeveTalk#29",0,"鲜贝羹",3,"",0,"",0,"",0
918171,"批发委托：给工兵的慰问品","CraftLeveTalk#29",2,"伊修加德三明治",3,"",0,"",0,"",0
918172,"大规模制作委托：总骑士长小小的奢侈","CraftLeveTalk#29",0,"桦木糖浆",9,"",0,"",0,"",0
918173,"大规模制作委托：庆祝出师的菜肴","CraftLeveTalk#29",0,"鲜贝羹",9,"",0,"",0,"",0
918174,"大规模批发委托：给工兵的慰问品","CraftLeveTalk#29",5,"伊修加德三明治",3,"",0,"",0,"",0
918175,"制作委托：官方文件用墨水","CraftLeveTalk#29",0,"灵银附魔墨水",1,"",0,"",0,"",0
918176,"制作委托：战术研究用魔导书","CraftLeveTalk#29",0,"古鸟革魔导典",1,"",0,"",0,"",0
918177,"批发委托：保养维护用黑胶","CraftLeveTalk#29",2,"黑胶",1,"",0,"",0,"",0
918178,"大规模制作委托：官方文件用墨水","CraftLeveTalk#29",0,"灵银附魔墨水",5,"",0,"",0,"",0
918179,"大规模制作委托：战术研究用魔导书","CraftLeveTalk#29",0,"古鸟革魔导典",1,"古鸟革魔导典",1,"古鸟革魔导典",1,"",0
918180,"大规模批发委托：保养维护用黑胶","CraftLeveTalk#29",5,"黑胶",1,"",0,"",0,"",0
918181,"制作委托：异端审问官的魔导书","CraftLeveTalk#29",0,"飞龙革魔导书",1,"",0,"",0,"",0
918182,"制作委托：意力之炼金溶剂","CraftLeveTalk#29",0,"1级意力炼金溶剂",3,"",0,"",0,"",0
918183,"批发委托：祝圣用圣水","CraftLeveTalk#29",2,"圣水",3,"",0,"",0,"",0
918184,"大规模制作委托：异端审问官的魔导书","CraftLeveTalk#29",0,"飞龙革魔导书",1,"飞龙革魔导书",1,"飞龙革魔导书",1,"",0
918185,"大规模制作委托：意力之炼金溶剂","CraftLeveTalk#29",0,"1级意力炼金溶剂",9,"",0,"",0,"",0
918186,"大规模批发委托：祝圣用圣水","CraftLeveTalk#29",5,"圣水",3,"",0,"",0,"",0
918187,"制作委托：弩炮改造用粘合剂","CraftLeveTalk#29",0,"翼胶",1,"",0,"",0,"",0
918188,"制作委托：魔法师用书","CraftLeveTalk#29",0,"长颈驼革魔导典",1,"",0,"",0,"",0
918189,"批发委托：魔法障壁用墨水","CraftLeveTalk#29",2,"硬银附魔墨水",1,"",0,"",0,"",0
918190,"大规模制作委托：弩炮改造用粘合剂","CraftLeveTalk#29",0,"翼胶",5,"",0,"",0,"",0
918191,"大规模制作委托：魔法师用书","CraftLeveTalk#29",0,"长颈驼革魔导典",1,"长颈驼革魔导典",1,"长颈驼革魔导典",1,"",0
918192,"大规模批发委托：魔法障壁用墨水","CraftLeveTalk#29",5,"硬银附魔墨水",1,"",0,"",0,"",0
918193,"制作委托：冲洗掉魔力侵蚀的祝圣水","CraftLeveTalk#29",0,"祝圣水",3,"",0,"",0,"",0
918194,"制作委托：赠与祭司的法杖","CraftLeveTalk#29",0,"祝圣栗木幻杖",1,"",0,"",0,"",0
918195,"批发委托：弓兵用炼金药","CraftLeveTalk#29",2,"巧力之龙药",3,"",0,"",0,"",0
918196,"大规模制作委托：冲洗掉魔力侵蚀的祝圣水","CraftLeveTalk#29",0,"祝圣水",9,"",0,"",0,"",0
918197,"大规模制作委托：赠与祭司的法杖","CraftLeveTalk#29",0,"祝圣栗木幻杖",1,"祝圣栗木幻杖",1,"祝圣栗木幻杖",1,"",0
918198,"大规模批发委托：弓兵用炼金药","CraftLeveTalk#29",5,"巧力之龙药",3,"",0,"",0,"",0
918199,"制作委托：记录官用墨水","CraftLeveTalk#29",0,"皇金附魔墨水",1,"",0,"",0,"",0
918200,"制作委托：魔法障壁的中枢","CraftLeveTalk#29",0,"贵族之书",1,"",0,"",0,"",0
918201,"批发委托：植树造林用成长促进剂","CraftLeveTalk#29",2,"植物成长剂6型",1,"",0,"",0,"",0
918202,"大规模制作委托：记录官用墨水","CraftLeveTalk#29",0,"皇金附魔墨水",5,"",0,"",0,"",0
918203,"大规模制作委托：魔法障壁的中枢","CraftLeveTalk#29",0,"贵族之书",1,"贵族之书",1,"贵族之书",1,"",0
918204,"大规模批发委托：植树造林用成长促进剂","CraftLeveTalk#29",5,"植物成长剂6型",1,"",0,"",0,"",0
918205,"制作委托：战旗的材料","CraftLeveTalk#29",0,"虹布",1,"",0,"",0,"",0
918206,"制作委托：皇都防卫队的长裤","CraftLeveTalk#29",0,"虹布精准长裤",1,"",0,"",0,"",0
918207,"批发委托：医师用缎带","CraftLeveTalk#29",2,"治愈虹布缎带",1,"",0,"",0,"",0
918208,"大规模制作委托：战旗的材料","CraftLeveTalk#29",0,"虹布",5,"",0,"",0,"",0
918209,"大规模制作委托：皇都防卫队的长裤","CraftLeveTalk#29",0,"虹布精准长裤",1,"虹布精准长裤",1,"虹布精准长裤",1,"",0
918210,"大规模批发委托：医师用缎带","CraftLeveTalk#29",5,"治愈虹布缎带",1,"",0,"",0,"",0
918211,"制作委托：格斗训练用的衣服","CraftLeveTalk#29",0,"圣虹强袭衬衫",1,"",0,"",0,"",0
918212,"制作委托：异端审问官的裤子","CraftLeveTalk#29",0,"圣虹咏咒垮裤",1,"",0,"",0,"",0
918213,"批发委托：赠与木匠的礼鞋","CraftLeveTalk#29",2,"圣虹布礼鞋",1,"",0,"",0,"",0
918214,"大规模制作委托：格斗训练用的衣服","CraftLeveTalk#29",0,"圣虹强袭衬衫",1,"圣虹强袭衬衫",1,"圣虹强袭衬衫",1,"",0
918215,"大规模制作委托：异端审问官的裤子","CraftLeveTalk#29",0,"圣虹咏咒垮裤",1,"圣虹咏咒垮裤",1,"圣虹咏咒垮裤",1,"",0
918216,"大规模批发委托：赠与木匠的礼鞋","CraftLeveTalk#29",5,"圣虹布礼鞋",1,"",0,"",0,"",0
918217,"制作委托：魔法师用法袍","CraftLeveTalk#29",0,"青麻咏咒长袍",1,"",0,"",0,"",0
918218,"制作委托：木工增员用帽子","CraftLeveTalk#29",0,"青麻巧匠包头巾",1,"",0,"",0,"",0
918219,"批发委托：应用测试用手套","CraftLeveTalk#29",2,"青麻治愈半手套",1,"",0,"",0,"",0
918220,"大规模制作委托：魔法师用法袍","CraftLeveTalk#29",0,"青麻咏咒长袍",1,"青麻咏咒长袍",1,"青麻咏咒长袍",1,"",0
918221,"大规模制作委托：木工增员用帽子","CraftLeveTalk#29",0,"青麻巧匠包头巾",1,"青麻巧匠包头巾",1,"青麻巧匠包头巾",1,"",0
918222,"大规模批发委托：应用测试用手套","CraftLeveTalk#29",5,"青麻治愈半手套",1,"",0,"",0,"",0
918223,"制作委托：战斗训练用束膝裤","CraftLeveTalk#29",0,"祝圣青麻治愈束膝裤",1,"",0,"",0,"",0
918224,"制作委托：投网用绢丝","CraftLeveTalk#29",0,"毛虫丝",2,"",0,"",0,"",0
918225,"批发委托：义勇弓兵用衣服","CraftLeveTalk#29",2,"祝圣青麻精准工作服",1,"",0,"",0,"",0
918226,"大规模制作委托：战斗训练用束膝裤","CraftLeveTalk#29",0,"祝圣青麻治愈束膝裤",1,"祝圣青麻治愈束膝裤",1,"祝圣青麻治愈束膝裤",1,"",0
918227,"大规模制作委托：投网用绢丝","CraftLeveTalk#29",0,"毛虫丝",10,"",0,"",0,"",0
918228,"大规模批发委托：义勇弓兵用衣服","CraftLeveTalk#29",5,"祝圣青麻精准工作服",1,"",0,"",0,"",0
918229,"制作委托：包裹勇士的纤维布","CraftLeveTalk#29",0,"奇美纤维",1,"",0,"",0,"",0
918230,"制作委托：赠与老樵夫的裤子","CraftLeveTalk#29",0,"奇美纤维软甲裤",1,"",0,"",0,"",0
918231,"批发委托：卧底暗访用的帽子","CraftLeveTalk#29",2,"奇美纤维游击无檐帽",1,"",0,"",0,"",0
918232,"大规模制作委托：包裹勇士的纤维布","CraftLeveTalk#29",0,"奇美纤维",5,"",0,"",0,"",0
918233,"大规模制作委托：赠与老樵夫的裤子","CraftLeveTalk#29",0,"奇美纤维软甲裤",1,"奇美纤维软甲裤",1,"奇美纤维软甲裤",1,"",0
918234,"大规模批发委托：卧底暗访用的帽子","CraftLeveTalk#29",5,"奇美纤维游击无檐帽",1,"",0,"",0,"",0
918235,"制作委托：补给部队用护目镜","CraftLeveTalk#29",0,"灵银大地护目镜",1,"",0,"",0,"",0
918236,"制作委托：医师用耳环","CraftLeveTalk#29",0,"灵银治愈耳坠",1,"",0,"",0,"",0
918237,"批发委托：修道士用魔器","CraftLeveTalk#29",2,"雪人长杖",1,"",0,"",0,"",0
918238,"大规模制作委托：补给部队用护目镜","CraftLeveTalk#29",0,"灵银大地护目镜",1,"灵银大地护目镜",1,"灵银大地护目镜",1,"",0
918239,"大规模制作委托：医师用耳环","CraftLeveTalk#29",0,"灵银治愈耳坠",1,"灵银治愈耳坠",1,"灵银治愈耳坠",1,"",0
918240,"大规模批发委托：修道士用魔器","CraftLeveTalk#29",5,"雪人长杖",1,"",0,"",0,"",0
918241,"制作委托：萨雷安式天球仪","CraftLeveTalk#29",0,"灵银天星盘",1,"",0,"",0,"",0
918242,"制作委托：赠与贵妇人的缝衣针","CraftLeveTalk#29",0,"灵银缝针",1,"",0,"",0,"",0
918243,"批发委托：运输飞空艇用金属","CraftLeveTalk#29",2,"灵银锭",1,"",0,"",0,"",0
918244,"大规模制作委托：萨雷安式天球仪","CraftLeveTalk#29",0,"灵银天星盘",1,"灵银天星盘",1,"灵银天星盘",1,"",0
918245,"大规模制作委托：赠与贵妇人的缝衣针","CraftLeveTalk#29",0,"灵银缝针",1,"灵银缝针",1,"灵银缝针",1,"",0
918246,"大规模批发委托：运输飞空艇用金属","CraftLeveTalk#29",5,"灵银锭",1,"",0,"",0,"",0
918247,"制作委托：赠与退役骑士的腕环","CraftLeveTalk#29",0,"硬银御敌手镯",1,"",0,"",0,"",0
918248,"制作委托：对立功商人的奖赏","CraftLeveTalk#29",0,"烟晶强攻戒指",1,"",0,"",0,"",0
918249,"批发委托：魔法师用眼镜","CraftLeveTalk#29",2,"硬银作业眼镜",1,"",0,"",0,"",0
918250,"大规模制作委托：赠与退役骑士的腕环","CraftLeveTalk#29",0,"硬银御敌手镯",1,"硬银御敌手镯",1,"硬银御敌手镯",1,"",0
918251,"大规模制作委托：对立功商人的奖赏","CraftLeveTalk#29",0,"烟晶强攻戒指",1,"烟晶强攻戒指",1,"烟晶强攻戒指",1,"",0
918252,"大规模批发委托：魔法师用眼镜","CraftLeveTalk#29",5,"硬银作业眼镜",1,"",0,"",0,"",0
918253,"制作委托：圣具用硬银","CraftLeveTalk#29",0,"硬银锭",1,"",0,"",0,"",0
918254,"制作委托：赠与木工的耳环","CraftLeveTalk#29",0,"龙牙耳坠",1,"",0,"",0,"",0
918255,"批发委托：天球仪的追加订单","CraftLeveTalk#29",2,"白钛天星盘",1,"",0,"",0,"",0
918256,"大规模制作委托：圣具用硬银","CraftLeveTalk#29",0,"硬银锭",5,"",0,"",0,"",0
918257,"大规模制作委托：赠与木工的耳环","CraftLeveTalk#29",0,"龙牙耳坠",1,"龙牙耳坠",1,"龙牙耳坠",1,"",0
918258,"大规模批发委托：天球仪的追加订单","CraftLeveTalk#29",5,"白钛天星盘",1,"",0,"",0,"",0
918259,"制作委托：女猎人的奖赏","CraftLeveTalk#29",0,"狮鹫利爪精准戒指",1,"",0,"",0,"",0
918260,"制作委托：赠与资助者的纪念品","CraftLeveTalk#29",0,"狮鹫缝针",1,"",0,"",0,"",0
918261,"批发委托：新任医师的头冠","CraftLeveTalk#29",2,"皇金治愈头冠",1,"",0,"",0,"",0
918262,"大规模制作委托：女猎人的奖赏","CraftLeveTalk#29",0,"狮鹫利爪精准戒指",1,"狮鹫利爪精准戒指",1,"狮鹫利爪精准戒指",1,"",0
918263,"大规模制作委托：赠与资助者的纪念品","CraftLeveTalk#29",0,"狮鹫缝针",1,"狮鹫缝针",1,"狮鹫缝针",1,"",0
918264,"大规模批发委托：新任医师的头冠","CraftLeveTalk#29",5,"皇金治愈头冠",1,"",0,"",0,"",0
918265,"指定采集：为匠人准备的山峰蟹","CraftLeveTalk#30",0,"山峰蟹",3,"",0,"",0,"",0
918266,"指定采集：放养用蓝螯虾","CraftLeveTalk#30",0,"蓝螯虾",3,"",0,"",0,"",0
918267,"大量采集：晚餐会用湖胆","CraftLeveTalk#30",2,"湖胆",3,"",0,"",0,"",0
918268,"大规模指定采集：为匠人准备的山峰蟹","CraftLeveTalk#30",0,"山峰蟹",6,"",0,"",0,"",0
918269,"大规模指定采集：放养用蓝螯虾","CraftLeveTalk#30",0,"蓝螯虾",6,"",0,"",0,"",0
918270,"大规模大量采集：晚餐会用湖胆","CraftLeveTalk#30",5,"湖胆",6,"",0,"",0,"",0
918271,"指定采集：供病人食用的三唇鲤","CraftLeveTalk#30",0,"三唇鲤",3,"",0,"",0,"",0
918272,"指定采集：送给劳动者的支援物资","CraftLeveTalk#30",0,"草鱼",3,"",0,"",0,"",0
918273,"大量采集：骑士团的食材候补","CraftLeveTalk#30",2,"云鱼",3,"",0,"",0,"",0
918274,"大规模指定采集：供病人食用的三唇鲤","CraftLeveTalk#30",0,"三唇鲤",6,"",0,"",0,"",0
918275,"大规模指定采集：送给劳动者的支援物资","CraftLeveTalk#30",0,"草鱼",6,"",0,"",0,"",0
918276,"大规模大量采集：骑士团的食材候补","CraftLeveTalk#30",5,"云鱼",6,"",0,"",0,"",0
918277,"指定采集：马湖瓦伊的药效调查","CraftLeveTalk#30",0,"马湖瓦伊",3,"",0,"",0,"",0
918278,"指定采集：研究用飘浮蛋","CraftLeveTalk#30",0,"飘浮蛋",3,"",0,"",0,"",0
918279,"大量采集：渲染战旗的蓝","CraftLeveTalk#30",2,"蓝天珊瑚",3,"",0,"",0,"",0
918280,"大规模指定采集：马湖瓦伊的药效调查","CraftLeveTalk#30",0,"马湖瓦伊",6,"",0,"",0,"",0
918281,"大规模指定采集：研究用飘浮蛋","CraftLeveTalk#30",0,"飘浮蛋",6,"",0,"",0,"",0
918282,"大规模大量采集：渲染战旗的蓝","CraftLeveTalk#30",5,"蓝天珊瑚",6,"",0,"",0,"",0
918283,"指定采集：龙族食用的鱼类","CraftLeveTalk#30",0,"百鳍",3,"",0,"",0,"",0
918284,"指定采集：研究用古代生物","CraftLeveTalk#30",0,"褐飞刀",3,"",0,"",0,"",0
918285,"大量采集：为义勇兵准备的美食","CraftLeveTalk#30",2,"皮皮拉皮拉鱼",3,"",0,"",0,"",0
918286,"大规模指定采集：龙族食用的鱼类","CraftLeveTalk#30",0,"百鳍",6,"",0,"",0,"",0
918287,"大规模指定采集：研究用古代生物","CraftLeveTalk#30",0,"褐飞刀",6,"",0,"",0,"",0
918288,"大规模大量采集：为义勇兵准备的美食","CraftLeveTalk#30",5,"皮皮拉皮拉鱼",6,"",0,"",0,"",0
918289,"指定采集：奇怪的水剑鱼","CraftLeveTalk#30",0,"水剑鱼",3,"",0,"",0,"",0
918290,"指定采集：感冒药的材料","CraftLeveTalk#30",0,"星码龙虾",3,"",0,"",0,"",0
918291,"大量采集：异端审问官的工具","CraftLeveTalk#30",2,"黑鞭",3,"",0,"",0,"",0
918292,"大规模指定采集：奇怪的水剑鱼","CraftLeveTalk#30",0,"水剑鱼",6,"",0,"",0,"",0
918293,"大规模指定采集：感冒药的材料","CraftLeveTalk#30",0,"星码龙虾",6,"",0,"",0,"",0
918294,"大规模大量采集：异端审问官的工具","CraftLeveTalk#30",5,"黑鞭",6,"",0,"",0,"",0
918295,"制作委托：在朝圣路上使用的手杖","CraftLeveTalk#31",0,"山毛榉法杖",1,"",0,"",0,"",0
918296,"制作委托：能够开拓市场的钓竿","CraftLeveTalk#31",0,"姆德斯德角钓竿",1,"",0,"",0,"",0
918297,"批发委托：加工好的山毛榉木材","CraftLeveTalk#31",2,"山毛榉木材",1,"",0,"",0,"",0
918298,"制作委托：艾欧泽亚风格的长枪","CraftLeveTalk#31",0,"硬钢战叉",1,"",0,"",0,"",0
918299,"制作委托：落叶松复合弓","CraftLeveTalk#31",0,"落叶松复合弓",1,"",0,"",0,"",0
918300,"批发委托：异国风格的木制手镯","CraftLeveTalk#31",2,"落叶松手链",1,"",0,"",0,"",0
918301,"制作委托：乌尔达哈风格裁衣工具","CraftLeveTalk#31",0,"松木纺车",1,"",0,"",0,"",0
918302,"制作委托：加工好的松木","CraftLeveTalk#31",0,"松木木材",1,"",0,"",0,"",0
918303,"批发委托：迎合市场的手杖","CraftLeveTalk#31",2,"松木牧杖",1,"",0,"",0,"",0
918304,"制作委托：玉钢制高级长枪","CraftLeveTalk#31",0,"玉钢战戟",1,"",0,"",0,"",0
918305,"制作委托：异国风格的木制耳饰","CraftLeveTalk#31",0,"柿木耳坠",1,"",0,"",0,"",0
918306,"批发委托：艾欧泽亚风格的钓竿","CraftLeveTalk#31",2,"瞪羚角钓竿",1,"",0,"",0,"",0
918307,"制作委托：异国风格的木制项链","CraftLeveTalk#31",0,"榉木项链",1,"",0,"",0,"",0
918308,"制作委托：加工好的高级榉木","CraftLeveTalk#31",0,"榉木木材",1,"",0,"",0,"",0
918309,"批发委托：流镝马专用的弓","CraftLeveTalk#31",2,"榉木长弓",1,"",0,"",0,"",0
918310,"制作委托：送给导游的工作服","CraftLeveTalk#31",0,"迦迦纳怪鸟革坎肩",1,"",0,"",0,"",0
918311,"制作委托：大型陆鸟皮革","CraftLeveTalk#31",0,"迦迦纳怪鸟革",1,"",0,"",0,"",0
918312,"批发委托：尝试引进的皮质狩猎帽","CraftLeveTalk#31",2,"迦迦纳怪鸟革精准狩猎帽",1,"",0,"",0,"",0
918313,"制作委托：在朝圣路上所穿的长靴","CraftLeveTalk#31",0,"牛鬼革强袭高筒靴",1,"",0,"",0,"",0
918314,"制作委托：异国制革制手镯","CraftLeveTalk#31",0,"牛鬼革手环",1,"",0,"",0,"",0
918315,"批发委托：水手专用的手套","CraftLeveTalk#31",2,"牛鬼革游击半指手套",1,"",0,"",0,"",0
918316,"制作委托：帅气的虎皮帽","CraftLeveTalk#31",0,"猛虎革精准宽边帽",1,"",0,"",0,"",0
918317,"制作委托：用于出租的皮鞋","CraftLeveTalk#31",0,"猛虎革巧匠筒靴",1,"",0,"",0,"",0
918318,"批发委托：原产大陆的虎皮","CraftLeveTalk#31",2,"猛虎革",1,"",0,"",0,"",0
918319,"制作委托：艾欧泽亚风格的皮手套","CraftLeveTalk#31",0,"魔象革治愈手套",1,"",0,"",0,"",0
918320,"制作委托：用于出租的上衣","CraftLeveTalk#31",0,"魔象革巧匠短外套",1,"",0,"",0,"",0
918321,"批发委托：帅气的马裤","CraftLeveTalk#31",2,"魔象革制敌马裤",1,"",0,"",0,"",0
918322,"制作委托：用于当样品的革制品","CraftLeveTalk#31",0,"瞪羚革御敌手套",1,"",0,"",0,"",0
918323,"制作委托：帅气的护甲","CraftLeveTalk#31",0,"瞪羚革游击护甲",1,"",0,"",0,"",0
918324,"批发委托：用于出租的长靴","CraftLeveTalk#31",2,"瞪羚革咏咒法靴",1,"",0,"",0,"",0
918325,"制作委托：护身用的单手剑","CraftLeveTalk#31",0,"硬钢斗剑",1,"",0,"",0,"",0
918326,"制作委托：用于出租的小刀","CraftLeveTalk#31",0,"硬钢裁皮刀",1,"",0,"",0,"",0
918327,"批发委托：用于库存的小块硬钢","CraftLeveTalk#31",2,"硬钢块",1,"",0,"",0,"",0
918328,"制作委托：用于秘密调查的短刀","CraftLeveTalk#31",0,"硬钢波刃",1,"",0,"",0,"",0
918329,"制作委托：别人订购的锤子","CraftLeveTalk#31",0,"硬钢碎石锤",1,"",0,"",0,"",0
918330,"批发委托：用于出租的锉刀","CraftLeveTalk#31",2,"硬钢锉刀",1,"",0,"",0,"",0
918331,"制作委托：锋利的菜刀","CraftLeveTalk#31",0,"卸铁厨刀",1,"",0,"",0,"",0
918332,"制作委托：帅气的卸铁","CraftLeveTalk#31",0,"卸铁锭",1,"",0,"",0,"",0
918333,"批发委托：用于攻城的大斧","CraftLeveTalk#31",2,"卸铁战斧",1,"",0,"",0,"",0
918334,"制作委托：船匠用的锯子","CraftLeveTalk#31",0,"玉钢手锯",1,"",0,"",0,"",0
918335,"制作委托：用于出租的研钵","CraftLeveTalk#31",0,"玉钢研钵",1,"",0,"",0,"",0
918336,"批发委托：帅气的太刀","CraftLeveTalk#31",2,"玉钢太刀",1,"",0,"",0,"",0
918337,"制作委托：帅气的顶锤","CraftLeveTalk#31",0,"钼钢球顶锤",1,"",0,"",0,"",0
918338,"制作委托：高纯度的钼钢锭","CraftLeveTalk#31",0,"钼钢锭",1,"",0,"",0,"",0
918339,"批发委托：适合赤诚组的短火枪","CraftLeveTalk#31",2,"钼钢火弹",1,"",0,"",0,"",0
918340,"制作委托：假想敌的板金铠","CraftLeveTalk#31",0,"硬钢御敌鳞铠",1,"",0,"",0,"",0
918341,"制作委托：适合拉札罕大使馆的蒸馏器","CraftLeveTalk#31",0,"硬钢蒸馏器",1,"",0,"",0,"",0
918342,"批发委托：配角用的头盔","CraftLeveTalk#31",2,"硬钢制敌头盔",1,"",0,"",0,"",0
918343,"制作委托：对付火枪的大盾","CraftLeveTalk#31",0,"硬钢步兵盾",1,"",0,"",0,"",0
918344,"制作委托：第二主角用的笼手","CraftLeveTalk#31",0,"硬钢御敌手铠",1,"",0,"",0,"",0
918345,"批发委托：用于库存的硬钢锭","CraftLeveTalk#31",2,"硬钢锭",1,"",0,"",0,"",0
918346,"制作委托：用于出租的装甲长靴","CraftLeveTalk#31",0,"卸铁制敌胫甲",1,"",0,"",0,"",0
918347,"制作委托：帅气的平底锅","CraftLeveTalk#31",0,"卸铁煎锅",1,"",0,"",0,"",0
918348,"批发委托：卸铁制手铠","CraftLeveTalk#31",2,"卸铁御敌手铠",1,"",0,"",0,"",0
918349,"制作委托：主角用的骑士甲胄","CraftLeveTalk#31",0,"玉钢御敌罩衣",1,"",0,"",0,"",0
918350,"制作委托：帅气的玉钢","CraftLeveTalk#31",0,"玉钢锭",1,"",0,"",0,"",0
918351,"批发委托：玉钢制装甲长靴","CraftLeveTalk#31",2,"玉钢强袭胫甲",1,"",0,"",0,"",0
918352,"制作委托：帅气的盾牌","CraftLeveTalk#31",0,"钼钢鸢盾",1,"",0,"",0,"",0
918353,"制作委托：备用的舞台服","CraftLeveTalk#31",0,"钼钢游击护臂",1,"",0,"",0,"",0
918354,"批发委托：辉钼矿制武士盔面具","CraftLeveTalk#31",2,"钼钢制敌头甲",1,"",0,"",0,"",0
918355,"制作委托：用于储备的小麦粉","CraftLeveTalk#31",0,"高原小麦粉",3,"",0,"",0,"",0
918356,"制作委托：枇杷汁","CraftLeveTalk#31",0,"枇杷果饮",3,"",0,"",0,"",0
918357,"批发委托：酒馆里提供的果仁蜜饼","CraftLeveTalk#31",2,"果仁蜜饼",3,"",0,"",0,"",0
918358,"制作委托：慰劳的荞麦糊","CraftLeveTalk#31",0,"荞麦糊",3,"",0,"",0,"",0
918359,"制作委托：赤诚组的山芋泥荞麦面","CraftLeveTalk#31",0,"山芋泥荞麦面",3,"",0,"",0,"",0
918360,"批发委托：酒馆中使用的绵籽油","CraftLeveTalk#31",2,"棉籽油",3,"",0,"",0,"",0
918361,"制作委托：用于储备的米醋","CraftLeveTalk#31",0,"米醋",3,"",0,"",0,"",0
918362,"制作委托：奇特的烤串","CraftLeveTalk#31",0,"牛肉串",3,"",0,"",0,"",0
918363,"批发委托：供团体客食用的煮杂菜","CraftLeveTalk#31",2,"煮杂菜",3,"",0,"",0,"",0
918364,"制作委托：大陆风味的芙蓉蟹","CraftLeveTalk#31",0,"芙蓉蟹",3,"",0,"",0,"",0
918365,"制作委托：想吃柿子！！","CraftLeveTalk#31",0,"柿子布丁",3,"",0,"",0,"",0
918366,"批发委托：宴会上提供的肉饼","CraftLeveTalk#31",2,"游牧民风味肉饼",3,"",0,"",0,"",0
918367,"制作委托：宁神静气的多玛茶","CraftLeveTalk#31",0,"多玛茶",3,"",0,"",0,"",0
918368,"制作委托：想吃寿司！！","CraftLeveTalk#31",0,"散寿司",3,"",0,"",0,"",0
918369,"批发委托：用于长期航海的储备粮","CraftLeveTalk#31",2,"长颈骆肉干",3,"",0,"",0,"",0
918370,"制作委托：书记官的必需品","CraftLeveTalk#31",0,"白铜附魔墨水",1,"",0,"",0,"",0
918371,"制作委托：艾欧泽亚风格的魔导书","CraftLeveTalk#31",0,"白铜魔导书",1,"",0,"",0,"",0
918372,"批发委托：受欢迎的植物成长促进剂","CraftLeveTalk#31",2,"植物成长剂7型",1,"",0,"",0,"",0
918373,"制作委托：艾欧泽亚风格的军事书籍","CraftLeveTalk#31",0,"牛鬼革魔导典",1,"",0,"",0,"",0
918374,"制作委托：用于特殊调配的灵水","CraftLeveTalk#31",0,"1级智力之灵水",3,"",0,"",0,"",0
918375,"批发委托：强精炼药试用品","CraftLeveTalk#31",2,"强精炼药",3,"",0,"",0,"",0
918376,"制作委托：帅气的附魔墨水","CraftLeveTalk#31",0,"翠银附魔墨水",1,"",0,"",0,"",0
918377,"制作委托：用于研究的药茶","CraftLeveTalk#31",0,"巨匠药茶",3,"",0,"",0,"",0
918378,"批发委托：供给熟客的黏胶","CraftLeveTalk#31",2,"甲胶",1,"",0,"",0,"",0
918379,"制作委托：用于追加研究的药茶","CraftLeveTalk#31",0,"魔匠药茶",3,"",0,"",0,"",0
918380,"制作委托：绚烂豪华的魔导书","CraftLeveTalk#31",0,"魔象革魔导书",1,"",0,"",0,"",0
918381,"批发委托：帅气的柿漆","CraftLeveTalk#31",2,"柿漆",3,"",0,"",0,"",0
918382,"制作委托：帅气的耐力之药汤","CraftLeveTalk#31",0,"耐力之药汤",3,"",0,"",0,"",0
918383,"制作委托：质朴刚健的军事书籍","CraftLeveTalk#31",0,"瞪羚革魔导典",1,"",0,"",0,"",0
918384,"批发委托：最高级的墨水","CraftLeveTalk#31",2,"钯金附魔墨水",1,"",0,"",0,"",0
918385,"制作委托：异国的“及膝裤”","CraftLeveTalk#31",0,"赤麻咏咒短裤",1,"",0,"",0,"",0
918386,"制作委托：送给担夫的工作服","CraftLeveTalk#31",0,"赤麻巧匠工作服",1,"",0,"",0,"",0
918387,"批发委托：配角用的服装","CraftLeveTalk#31",2,"赤麻游击护臂",1,"",0,"",0,"",0
918388,"制作委托：第二主角用的手套","CraftLeveTalk#31",0,"红玉棉布咏咒半指护手",1,"",0,"",0,"",0
918389,"制作委托：异国工匠的红玉棉布","CraftLeveTalk#31",0,"红玉棉布",1,"",0,"",0,"",0
918390,"批发委托：异国的“束膝裤”","CraftLeveTalk#31",2,"红玉棉布强袭束膝裤",1,"",0,"",0,"",0
918391,"制作委托：异国的“束腰衣”","CraftLeveTalk#31",0,"葛布强袭束腰猎衣",1,"",0,"",0,"",0
918392,"制作委托：帅气的及膝裤","CraftLeveTalk#31",0,"葛布大地及膝裤",1,"",0,"",0,"",0
918393,"批发委托：库存不足的葛线","CraftLeveTalk#31",2,"葛线",2,"",0,"",0,"",0
918394,"制作委托：帅气的长裤","CraftLeveTalk#31",0,"哔叽精准骑兵裤",1,"",0,"",0,"",0
918395,"制作委托：反派角色用的头巾","CraftLeveTalk#31",0,"哔叽巧匠包头巾",1,"",0,"",0,"",0
918396,"批发委托：异国的“紧身衣”","CraftLeveTalk#31",2,"哔叽治愈紧身衣",1,"",0,"",0,"",0
918397,"制作委托：帅气的包头巾","CraftLeveTalk#31",0,"玉绸精准包头巾",1,"",0,"",0,"",0
918398,"制作委托：反派角色用的备用服装","CraftLeveTalk#31",0,"玉绸咏咒长袍",1,"",0,"",0,"",0
918399,"批发委托：异国的“针织帽”","CraftLeveTalk#31",2,"哔叽针织帽",1,"",0,"",0,"",0
918400,"制作委托：异国的“耳环”","CraftLeveTalk#31",0,"锂辉石治愈耳坠",1,"",0,"",0,"",0
918401,"制作委托：异国风格的金属戒指","CraftLeveTalk#31",0,"锂辉石强攻指环",1,"",0,"",0,"",0
918402,"批发委托：乌尔达哈风格的裁衣针","CraftLeveTalk#31",2,"刺球缝针",1,"",0,"",0,"",0
918403,"制作委托：异国的“头链”","CraftLeveTalk#31",0,"白铜头链",1,"",0,"",0,"",0
918404,"制作委托：用于精制的手镯","CraftLeveTalk#31",0,"白铜咏咒手镯",1,"",0,"",0,"",0
918405,"批发委托：供给熟客的白铜","CraftLeveTalk#31",2,"白铜锭",1,"",0,"",0,"",0
918406,"制作委托：帅气的小剑","CraftLeveTalk#31",0,"翠银小剑",1,"",0,"",0,"",0
918407,"制作委托：适合老练工匠的裁衣针","CraftLeveTalk#31",0,"牛角缝针",1,"",0,"",0,"",0
918408,"批发委托：异国的“发夹”","CraftLeveTalk#31",2,"翠银制敌发夹",1,"",0,"",0,"",0
918409,"制作委托：帅气的天星盘","CraftLeveTalk#31",0,"翠银天星盘",1,"",0,"",0,"",0
918410,"制作委托：供给熟客的翠银锭","CraftLeveTalk#31",0,"翠银锭",1,"",0,"",0,"",0
918411,"批发委托：异国的“指环”","CraftLeveTalk#31",2,"石青御敌指环",1,"",0,"",0,"",0
918412,"制作委托：用于出租的法杖","CraftLeveTalk#31",0,"钯金法杖",1,"",0,"",0,"",0
918413,"制作委托：帅气的刺剑","CraftLeveTalk#31",0,"钯金穿甲剑",1,"",0,"",0,"",0
918414,"批发委托：异国的“项环”","CraftLeveTalk#31",2,"钯金精准项环",1,"",0,"",0,"",0
918415,"指定采集：用于对比的逆流鱼","CraftLeveTalk#32",0,"逆流鱼",3,"",0,"",0,"",0
918416,"指定采集：用于调查的落叶鱼","CraftLeveTalk#32",0,"落叶鱼",3,"",0,"",0,"",0
918417,"大量采集：用于腌制的高地刺鱼","CraftLeveTalk#32",2,"高地刺鱼",3,"",0,"",0,"",0
918418,"指定采集：供不应求的飞鳐","CraftLeveTalk#32",0,"飞鳐",9,"",0,"",0,"",0
918419,"指定采集：酒馆里提供的海参","CraftLeveTalk#32",0,"海参",9,"",0,"",0,"",0
918420,"大量采集：用来制作清酒煮螺的奥萨德螺","CraftLeveTalk#32",2,"奥萨德螺",9,"",0,"",0,"",0
918421,"指定采集：用来制作标本的长须鲶鱼","CraftLeveTalk#32",0,"长须鲶鱼",3,"",0,"",0,"",0
918422,"指定采集：反派角色用的硬鳞","CraftLeveTalk#32",0,"天幕鱼",3,"",0,"",0,"",0
918423,"大量采集：供不应求的红翅鱼","CraftLeveTalk#32",2,"红翅鱼",3,"",0,"",0,"",0
918424,"指定采集：酒馆里提供的矶灯笼","CraftLeveTalk#32",0,"矶灯笼",9,"",0,"",0,"",0
918425,"指定采集：用于实验的红鳍","CraftLeveTalk#32",0,"红鳍",9,"",0,"",0,"",0
918426,"大量采集：供不应求的多玛金鱼","CraftLeveTalk#32",2,"多玛金鱼",9,"",0,"",0,"",0
918427,"指定采集：艾欧泽亚的观赏鱼","CraftLeveTalk#32",0,"白钢鲨",3,"",0,"",0,"",0
918428,"指定采集：反派角色用的尖牙","CraftLeveTalk#32",0,"大天竺鱼",3,"",0,"",0,"",0
918429,"大量采集：用于庆祝成人的毯子章鱼","CraftLeveTalk#32",2,"毯子章鱼",3,"",0,"",0,"",0
918430,"制作委托：用于制作实用家具的木材","CraftLeveTalk#33",0,"白橡木木材",1,"",0,"",0,"",0
918431,"制作委托：赠予年轻渔夫的钓竿","CraftLeveTalk#33",0,"白橡木钓竿",1,"",0,"",0,"",0
918432,"批发委托：用于交易的木制首饰","CraftLeveTalk#33",2,"白橡木项链",1,"",0,"",0,"",0
918433,"制作委托：卫兵团的训练枪","CraftLeveTalk#33",0,"仙果木长枪",1,"",0,"",0,"",0
918434,"制作委托：用于交易的木弓","CraftLeveTalk#33",0,"仙果木长弓",1,"",0,"",0,"",0
918435,"批发委托：挖掘潜力的牧杖","CraftLeveTalk#33",2,"仙果木牧杖",1,"",0,"",0,"",0
918436,"制作委托：用于制作诊疗台的木材","CraftLeveTalk#33",0,"白梣木木材",1,"",0,"",0,"",0
918437,"制作委托：有保密义务的委托","CraftLeveTalk#33",0,"白梣木砂轮机",1,"",0,"",0,"",0
918438,"批发委托：用于交易的木制手镯","CraftLeveTalk#33",2,"白梣木手镯",1,"",0,"",0,"",0
918439,"制作委托：魔法兵用的法杖","CraftLeveTalk#33",0,"沙柚木法杖",1,"",0,"",0,"",0
918440,"制作委托：实用的纺车","CraftLeveTalk#33",0,"沙柚木纺车",1,"",0,"",0,"",0
918441,"批发委托：用于交易的高级木弓","CraftLeveTalk#33",2,"沙柚木长弓",1,"",0,"",0,"",0
918442,"制作委托：卫生兵用的牧杖","CraftLeveTalk#33",0,"愈疮木矮人牧杖",1,"",0,"",0,"",0
918443,"制作委托：用于交易的高级戒指","CraftLeveTalk#33",0,"愈疮木指环",1,"",0,"",0,"",0
918444,"批发委托：代替护身符的耳饰","CraftLeveTalk#33",2,"愈疮木耳坠",1,"",0,"",0,"",0
918445,"制作委托：用于制作实用家具的皮革材料","CraftLeveTalk#33",0,"斯剑虎革",1,"",0,"",0,"",0
918446,"制作委托：长期委托的斯剑虎革裤子","CraftLeveTalk#33",0,"斯剑虎革制敌软甲裤",1,"",0,"",0,"",0
918447,"批发委托：皮制手环的库存补充","CraftLeveTalk#33",2,"斯剑虎革手环",1,"",0,"",0,"",0
918448,"制作委托：卫兵团的训练裤","CraftLeveTalk#33",0,"绿飘龙革御敌马裤",1,"",0,"",0,"",0
918449,"制作委托：特别订制的飘龙革手套","CraftLeveTalk#33",0,"绿飘龙革强袭手套",1,"",0,"",0,"",0
918450,"批发委托：司书用的筒靴","CraftLeveTalk#33",2,"绿飘龙革咏咒筒靴",1,"",0,"",0,"",0
918451,"制作委托：用于制作诊疗台的皮革材料","CraftLeveTalk#33",0,"野蛮盗龙革",1,"",0,"",0,"",0
918452,"制作委托：特别订制的野蛮盗龙革头甲","CraftLeveTalk#33",0,"野蛮盗龙革游击头甲",1,"",0,"",0,"",0
918453,"批发委托：新弓兵部队的首饰","CraftLeveTalk#33",2,"野蛮盗龙革精准项链",1,"",0,"",0,"",0
918454,"制作委托：特别订制的缠尾蛟革外套","CraftLeveTalk#33",0,"缠尾蛟革制敌外套",1,"",0,"",0,"",0
918455,"制作委托：用于资源调查的皮靴","CraftLeveTalk#33",0,"缠尾蛟革大地工作靴",1,"",0,"",0,"",0
918456,"批发委托：新弓兵部队的皮革护手","CraftLeveTalk#33",2,"缠尾蛟革精准半指护手",1,"",0,"",0,"",0
918457,"制作委托：赠予伤兵的皮手套","CraftLeveTalk#33",0,"海燕革御敌手套",1,"",0,"",0,"",0
918458,"制作委托：特别订制的海燕革外套","CraftLeveTalk#33",0,"海燕革游击外套",1,"",0,"",0,"",0
918459,"批发委托：护士用的鞋","CraftLeveTalk#33",2,"海燕革治愈短靴",1,"",0,"",0,"",0
918460,"制作委托：用于储备的小深金块","CraftLeveTalk#33",0,"深金块",1,"",0,"",0,"",0
918461,"制作委托：用于试售的枪刃","CraftLeveTalk#33",0,"深金枪刃",1,"",0,"",0,"",0
918462,"批发委托：用于交易的锤子","CraftLeveTalk#33",2,"深金碎石锤",1,"",0,"",0,"",0
918463,"制作委托：斩断大树的大斧","CraftLeveTalk#33",0,"深金大斧",1,"",0,"",0,"",0
918464,"制作委托：固定商品的格斗武器","CraftLeveTalk#33",0,"深金指虎",1,"",0,"",0,"",0
918465,"批发委托：卫兵团的训练剑","CraftLeveTalk#33",2,"深金短剑",1,"",0,"",0,"",0
918466,"制作委托：用于修补的灵青材","CraftLeveTalk#33",0,"灵青石材",1,"",0,"",0,"",0
918467,"制作委托：工兵队用的手锯","CraftLeveTalk#33",0,"灵青圆手锯",1,"",0,"",0,"",0
918468,"批发委托：果树园扩张用的道具","CraftLeveTalk#33",2,"灵青镰刀",1,"",0,"",0,"",0
918469,"制作委托：用于护身的双剑","CraftLeveTalk#33",0,"钛铜小刀",1,"",0,"",0,"",0
918470,"制作委托：憧憬于团长的人们","CraftLeveTalk#33",0,"钛铜圆月轮",1,"",0,"",0,"",0
918471,"批发委托：锋利的刀","CraftLeveTalk#33",2,"钛铜厨刀",1,"",0,"",0,"",0
918472,"制作委托：用于观赏的打刀","CraftLeveTalk#33",0,"矮人银打刀",1,"",0,"",0,"",0
918473,"制作委托：用于检测是否采用的枪械","CraftLeveTalk#33",0,"矮人银手枪",1,"",0,"",0,"",0
918474,"批发委托：给工作人员的奖励","CraftLeveTalk#33",2,"矮人银锉刀",1,"",0,"",0,"",0
918475,"制作委托：用于入团考试的盾","CraftLeveTalk#33",0,"深金鸢盾",1,"",0,"",0,"",0
918476,"制作委托：闪闪发光的平底锅","CraftLeveTalk#33",0,"深金秧鸡平底锅",1,"",0,"",0,"",0
918477,"批发委托：畅销的深金头盔","CraftLeveTalk#33",2,"深金御敌头盔",1,"",0,"",0,"",0
918478,"制作委托：用于修理的深金锭","CraftLeveTalk#33",0,"深金锭",1,"",0,"",0,"",0
918479,"制作委托：特别订制的深金铠甲","CraftLeveTalk#33",0,"深金制敌战甲",1,"",0,"",0,"",0
918480,"批发委托：卫兵团的训练手套","CraftLeveTalk#33",2,"深金御敌手套",1,"",0,"",0,"",0
918481,"制作委托：用于探讨是否采用的头部装备","CraftLeveTalk#33",0,"灵青咏咒头甲",1,"",0,"",0,"",0
918482,"制作委托：特别订制的灵青手铠","CraftLeveTalk#33",0,"灵青御敌手铠",1,"",0,"",0,"",0
918483,"批发委托：配药用的蒸馏道具","CraftLeveTalk#33",2,"灵青蒸馏器",1,"",0,"",0,"",0
918484,"制作委托：用于试制的钛铜锭","CraftLeveTalk#33",0,"钛铜锭",1,"",0,"",0,"",0
918485,"制作委托：用于防御阵型的大盾","CraftLeveTalk#33",0,"钛铜塔盾",1,"",0,"",0,"",0
918486,"批发委托：特别订制的钛铜头带","CraftLeveTalk#33",2,"钛铜游击头带",1,"",0,"",0,"",0
918487,"制作委托：用于比较实验的链甲","CraftLeveTalk#33",0,"矮人银御敌链甲",1,"",0,"",0,"",0
918488,"制作委托：用于作业的装甲靴","CraftLeveTalk#33",0,"矮人银制敌短靴",1,"",0,"",0,"",0
918489,"批发委托：特别订制的矮人银大盾","CraftLeveTalk#33",2,"矮人银盾",1,"",0,"",0,"",0
918490,"制作委托：清澈的油！","CraftLeveTalk#33",0,"油橄榄油",3,"",0,"",0,"",0
918491,"制作委托：充满活力的秧鸡烤肉","CraftLeveTalk#33",0,"秧鸡烤肉",3,"",0,"",0,"",0
918492,"批发委托：早餐的一杯","CraftLeveTalk#33",2,"紫胡萝卜果汁",3,"",0,"",0,"",0
918493,"制作委托：让人想起黑夜的细面","CraftLeveTalk#33",0,"黑色酱汁直面",3,"",0,"",0,"",0
918494,"制作委托：充满营养的汤","CraftLeveTalk#33",0,"蚕豆汤",3,"",0,"",0,"",0
918495,"批发委托：甜甜的焦糖！","CraftLeveTalk#33",2,"焦糖",3,"",0,"",0,"",0
918496,"制作委托：辛辣的醋！","CraftLeveTalk#33",0,"黑夜醋",3,"",0,"",0,"",0
918497,"制作委托：充满回忆的煎蘑菇","CraftLeveTalk#33",0,"煎蘑菇",3,"",0,"",0,"",0
918498,"批发委托：用于鸡尾酒的番茄汁","CraftLeveTalk#33",2,"血番茄果汁",3,"",0,"",0,"",0
918499,"制作委托：美味的香肠！","CraftLeveTalk#33",0,"香肠",3,"",0,"",0,"",0
918500,"制作委托：祈祷康复的饭菜","CraftLeveTalk#33",0,"胡椒炒新薯",3,"",0,"",0,"",0
918501,"批发委托：一如既往的马萨拉奶茶","CraftLeveTalk#33",2,"马萨拉奶茶",3,"",0,"",0,"",0
918502,"制作委托：让人想起黑夜的烩饭","CraftLeveTalk#33",0,"墨汁炖饭",3,"",0,"",0,"",0
918503,"制作委托：庆祝康复的海鲜烩饭","CraftLeveTalk#33",0,"海鲜烩饭",3,"",0,"",0,"",0
918504,"批发委托：脆脆的饼干！","CraftLeveTalk#33",2,"咖啡曲奇",3,"",0,"",0,"",0
918505,"制作委托：用于资料的墨水","CraftLeveTalk#33",0,"石金附魔墨水",1,"",0,"",0,"",0
918506,"制作委托：用于收藏的魔导书","CraftLeveTalk#33",0,"斯剑虎革魔导书",1,"",0,"",0,"",0
918507,"批发委托：用于战术研究的军事书籍","CraftLeveTalk#33",2,"斯剑虎革魔导典",1,"",0,"",0,"",0
918508,"制作委托：魔装炮改良计划","CraftLeveTalk#33",0,"绿飘龙革魔导书",1,"",0,"",0,"",0
918509,"制作委托：打磨放大镜的幻水","CraftLeveTalk#33",0,"1级巧力之幻水",3,"",0,"",0,"",0
918510,"批发委托：赚取生活费的计策","CraftLeveTalk#33",2,"极精炼药",3,"",0,"",0,"",0
918511,"制作委托：用于制作货车的粘合剂","CraftLeveTalk#33",0,"植物胶",1,"",0,"",0,"",0
918512,"制作委托：用于收藏的军事书籍","CraftLeveTalk#33",0,"灵青魔导典",1,"",0,"",0,"",0
918513,"批发委托：用于紧急时的药水","CraftLeveTalk#33",2,"名匠药水",3,"",0,"",0,"",0
918514,"制作委托：节约伙食费的秘策","CraftLeveTalk#33",0,"植物成长剂10型",1,"",0,"",0,"",0
918515,"制作委托：魔装炮再改良计划","CraftLeveTalk#33",0,"缠尾蛟革魔导书",1,"",0,"",0,"",0
918516,"批发委托：用于保证精密质量的药水","CraftLeveTalk#33",2,"巨匠药水",3,"",0,"",0,"",0
918517,"制作委托：增加劳动时间的秘策","CraftLeveTalk#33",0,"耐力之幻药",3,"",0,"",0,"",0
918518,"制作委托：金属封面的军事书籍","CraftLeveTalk#33",0,"矮人银魔导典",1,"",0,"",0,"",0
918519,"批发委托：清洗治疗服的幻药","CraftLeveTalk#33",2,"意力之幻药",3,"",0,"",0,"",0
918520,"制作委托：用于制作实用家具的线","CraftLeveTalk#33",0,"白麻线",3,"",0,"",0,"",0
918521,"制作委托：长期委托的白麻布裤子","CraftLeveTalk#33",0,"白麻强袭打底裤",1,"",0,"",0,"",0
918522,"批发委托：用于新人研修的包头巾","CraftLeveTalk#33",2,"白麻巧匠包头巾",1,"",0,"",0,"",0
918523,"制作委托：卫兵团的训练衣服","CraftLeveTalk#33",0,"虹茧精准棉甲",1,"",0,"",0,"",0
918524,"制作委托：面向隆索族的裤子","CraftLeveTalk#33",0,"虹茧游击打底裤",1,"",0,"",0,"",0
918525,"批发委托：用于手术的帽子","CraftLeveTalk#33",2,"虹茧治愈帽",1,"",0,"",0,"",0
918526,"制作委托：用于制作诊疗台的线","CraftLeveTalk#33",0,"仙子棉线",3,"",0,"",0,"",0
918527,"制作委托：斥候用的伪装帽子","CraftLeveTalk#33",0,"仙子棉强袭狩猎帽",1,"",0,"",0,"",0
918528,"批发委托：预备手套（大量）","CraftLeveTalk#33",2,"仙子棉巧匠袖套",1,"",0,"",0,"",0
918529,"制作委托：面向维斯族的衣服","CraftLeveTalk#33",0,"力山羊精准束腰衣",1,"",0,"",0,"",0
918530,"制作委托：搜查员用的伪装帽子","CraftLeveTalk#33",0,"力山羊咏咒毛帽",1,"",0,"",0,"",0
918531,"批发委托：筹备人员的包头巾","CraftLeveTalk#33",2,"力山羊大地包头巾",1,"",0,"",0,"",0
918532,"制作委托：检举成功的奖励","CraftLeveTalk#33",0,"矮人棉御敌束膝裤",1,"",0,"",0,"",0
918533,"制作委托：退役纪念的包头巾","CraftLeveTalk#33",0,"矮人棉游击包头巾",1,"",0,"",0,"",0
918534,"批发委托：巡游治疗师用的帽子","CraftLeveTalk#33",2,"矮人棉治愈阔边帽",1,"",0,"",0,"",0
918535,"制作委托：实用的硬泥岩砥石","CraftLeveTalk#33",0,"硬泥岩磨刀石",1,"",0,"",0,"",0
918536,"制作委托：用于修缮的缝衣针","CraftLeveTalk#33",0,"石金缝针",1,"",0,"",0,"",0
918537,"批发委托：装饰耳朵的梦幻之星","CraftLeveTalk#33",2,"乌钢石治愈耳坠",1,"",0,"",0,"",0
918538,"制作委托：憧憬的刺剑","CraftLeveTalk#33",0,"石金刺剑",1,"",0,"",0,"",0
918539,"制作委托：卫兵团的训练项环","CraftLeveTalk#33",0,"硬水铝石御敌项环",1,"",0,"",0,"",0
918540,"批发委托：装饰手腕的威风之星","CraftLeveTalk#33",2,"硬水铝石强攻手镯",1,"",0,"",0,"",0
918541,"制作委托：魔装炮增产计划","CraftLeveTalk#33",0,"魔银块",1,"",0,"",0,"",0
918542,"制作委托：破坏魔法法杖","CraftLeveTalk#33",0,"灵青法杖",1,"",0,"",0,"",0
918543,"批发委托：装饰颈部的安静之星","CraftLeveTalk#33",2,"魔银项环",1,"",0,"",0,"",0
918544,"制作委托：新时代的天球仪","CraftLeveTalk#33",0,"钛铜天球仪",1,"",0,"",0,"",0
918545,"制作委托：三重石戒指","CraftLeveTalk#33",0,"三重石精准指环",1,"",0,"",0,"",0
918546,"批发委托：装饰耳朵的美丽之星","CraftLeveTalk#33",2,"三重石咏咒耳坠",1,"",0,"",0,"",0
918547,"制作委托：新的刺剑","CraftLeveTalk#33",0,"矮人银刺剑",1,"",0,"",0,"",0
918548,"制作委托：装饰颈部的炫目之星","CraftLeveTalk#33",0,"透锂长石治愈项环",1,"",0,"",0,"",0
918549,"批发委托：严命城部队的新手镯","CraftLeveTalk#33",2,"透锂长石御敌手镯",1,"",0,"",0,"",0
918550,"指定采集：关于无尽光下的体质变异","CraftLeveTalk#34",0,"黄体鲈",3,"",0,"",0,"",0
918551,"指定采集：美味的沙卵三明治","CraftLeveTalk#34",0,"沙卵",3,"",0,"",0,"",0
918552,"大量采集：用于驱除外来物种的电击捕鱼法","CraftLeveTalk#34",2,"紫鬼鱼",9,"",0,"",0,"",0
918553,"指定采集：别具风味的水母沙拉","CraftLeveTalk#34",0,"血色气球鱼",3,"",0,"",0,"",0
918554,"指定采集：始源湖的生态系统保护","CraftLeveTalk#34",0,"萎鳃丽鱼",9,"",0,"",0,"",0
918555,"大量采集：关于雷克兰德地震预知","CraftLeveTalk#34",2,"茄子鱼",9,"",0,"",0,"",0
918556,"指定采集：关于酸性毒素的无害分解","CraftLeveTalk#34",0,"柠檬鱼",3,"",0,"",0,"",0
918557,"指定采集：渔村的找老婆事业","CraftLeveTalk#34",0,"小小爱神",9,"",0,"",0,"",0
918558,"大量采集：美味的鲱鱼拼盘","CraftLeveTalk#34",2,"樱桃鲱鱼",3,"",0,"",0,"",0
918559,"指定采集：仙味的蓝色浓汤","CraftLeveTalk#34",0,"暴食蟹",9,"",0,"",0,"",0
918560,"指定采集：关于致幻性菌类的医疗活用","CraftLeveTalk#34",0,"天堂蟹",9,"",0,"",0,"",0
918561,"大量采集：大型食用鱼养殖事业","CraftLeveTalk#34",2,"哲罗鱼",3,"",0,"",0,"",0
918562,"指定采集：养殖业稳定的秘策","CraftLeveTalk#34",0,"黑色三连星",3,"",0,"",0,"",0
918563,"指定采集：关于深海生物的特殊以太器官","CraftLeveTalk#34",0,"青色海蜘蛛",3,"",0,"",0,"",0
918564,"大量采集：捕获六味的七色鳗鱼","CraftLeveTalk#34",2,"斑点鳗",3,"",0,"",0,"",0
918565,"制作委托：研究转魂塔所需的木材","CraftLeveTalk#35",0,"马栗木木材",3,"",0,"",0,"",0
918566,"制作委托：技术研发所需的砂轮","CraftLeveTalk#35",0,"马栗木泥岩砂轮机",1,"",0,"",0,"",0
918567,"制作委托：饰演佣兵队长所需的耳环","CraftLeveTalk#35",0,"棕榈御敌耳夹",1,"",0,"",0,"",0
918568,"制作委托：对比实验所需的木质手镯","CraftLeveTalk#35",0,"棕榈精准手环",1,"",0,"",0,"",0
918569,"制作委托：高以太传导率的木材","CraftLeveTalk#35",0,"红松木材",3,"",0,"",0,"",0
918570,"制作委托：钓鱼贤人何去何从","CraftLeveTalk#35",0,"红松木钓竿",1,"",0,"",0,"",0
918571,"制作委托：扮演龙骑士所需的长枪","CraftLeveTalk#35",0,"铁木长枪",1,"",0,"",0,"",0
918572,"制作委托：副业所需的纺车","CraftLeveTalk#35",0,"铁木纺车",1,"",0,"",0,"",0
918573,"制作委托：加雷马帝国史II","CraftLeveTalk#35",0,"完满木魔导咒杖",1,"",0,"",0,"",0
918574,"制作委托：金奖得主的奖品项链","CraftLeveTalk#35",0,"完满木巧匠项链",1,"",0,"",0,"",0
918575,"制作委托：为特别演出准备的纪念品环刃","CraftLeveTalk#35",0,"辉翠银环刃",1,"",0,"",0,"",0
918576,"制作委托：打破壁垒的锯子","CraftLeveTalk#35",0,"辉翠银手锯",1,"",0,"",0,"",0
918577,"制作委托：博兹雅史I","CraftLeveTalk#35",0,"辉翠银刺刀",1,"",0,"",0,"",0
918578,"制作委托：愿以这双剑表达我的决心","CraftLeveTalk#35",0,"辉翠银匕首",1,"",0,"",0,"",0
918579,"制作委托：加雷马共和国史I","CraftLeveTalk#35",0,"铋金战镰",1,"",0,"",0,"",0
918580,"制作委托：研发完美食料所需的研钵","CraftLeveTalk#35",0,"铋金研钵",1,"",0,"",0,"",0
918581,"制作委托：高纯度的锰钢锭","CraftLeveTalk#35",0,"锰钢锭",3,"",0,"",0,"",0
918582,"制作委托：打理庭园的工具","CraftLeveTalk#35",0,"锰钢园艺镰",1,"",0,"",0,"",0
918583,"制作委托：加雷马帝国史I","CraftLeveTalk#35",0,"球粒陨石魔导战斧",1,"",0,"",0,"",0
918584,"制作委托：组装控制组件所需的手钳","CraftLeveTalk#35",0,"球粒陨石手钳",1,"",0,"",0,"",0
918585,"制作委托：高纯度的小辉翠银块","CraftLeveTalk#35",0,"辉翠银块",3,"",0,"",0,"",0
918586,"制作委托：硬邦邦的护臂","CraftLeveTalk#35",0,"辉翠银制敌护臂",1,"",0,"",0,"",0
918587,"制作委托：硬邦邦的手铠","CraftLeveTalk#35",0,"辉翠银御敌手铠",1,"",0,"",0,"",0
918588,"制作委托：饰演佣兵队长所需的铠甲","CraftLeveTalk#35",0,"辉翠银御敌战甲",1,"",0,"",0,"",0
918589,"制作委托：硬邦邦的铋金锭","CraftLeveTalk#35",0,"铋金锭",3,"",0,"",0,"",0
918590,"制作委托：研发完美食料所需的蒸馏器","CraftLeveTalk#35",0,"铋金蒸馏器",1,"",0,"",0,"",0
918591,"制作委托：硬邦邦的堕龙战盔","CraftLeveTalk#35",0,"锰钢堕龙战盔",1,"",0,"",0,"",0
918592,"制作委托：新的陆行鸟煎锅","CraftLeveTalk#35",0,"锰钢陆行鸟煎锅",1,"",0,"",0,"",0
918593,"制作委托：软绵绵的咏咒手套","CraftLeveTalk#35",0,"球粒陨石咏咒手套",1,"",0,"",0,"",0
918594,"制作委托：比较结实的制敌上装","CraftLeveTalk#35",0,"球粒陨石制敌上装",1,"",0,"",0,"",0
918595,"制作委托：为优秀毕业生准备的紫黄晶","CraftLeveTalk#35",0,"紫黄晶",3,"",0,"",0,"",0
918596,"制作委托：硬邦邦的戒指","CraftLeveTalk#35",0,"紫黄晶御敌指环",1,"",0,"",0,"",0
918597,"制作委托：新人贤者的诊疗用贤具","CraftLeveTalk#35",0,"白镴振空摆",1,"",0,"",0,"",0
918598,"制作委托：惩罚用的项环","CraftLeveTalk#35",0,"白镴强攻项环",1,"",0,"",0,"",0
918599,"制作委托：高纯度的弗里金锭","CraftLeveTalk#35",0,"弗里金锭",3,"",0,"",0,"",0
918600,"制作委托：为贤者制作的耳饰","CraftLeveTalk#35",0,"弗里金治愈耳夹",1,"",0,"",0,"",0
918601,"制作委托：修炼用的锰钢刺剑","CraftLeveTalk#35",0,"锰钢刺剑",1,"",0,"",0,"",0
918602,"制作委托：修复书籍用的缝针","CraftLeveTalk#35",0,"锰钢缝针",1,"",0,"",0,"",0
918603,"制作委托：书写论文用的天球仪","CraftLeveTalk#35",0,"球粒陨石魔导天星盘",1,"",0,"",0,"",0
918604,"制作委托：奖励竞赛胜利者的手镯","CraftLeveTalk#35",0,"星点石英精准腕带",1,"",0,"",0,"",0
918605,"制作委托：修复封面所需的伽迦象革","CraftLeveTalk#35",0,"伽迦象革",3,"",0,"",0,"",0
918606,"制作委托：伽迦象革制作的足袋","CraftLeveTalk#35",0,"伽迦象革足袋",1,"",0,"",0,"",0
918607,"制作委托：山鸡革制作的矮靴","CraftLeveTalk#35",0,"山鸡革强袭短靴",1,"",0,"",0,"",0
918608,"制作委托：愿以这游击短衣表达我的决心","CraftLeveTalk#35",0,"山鸡革游击短衣",1,"",0,"",0,"",0
918609,"制作委托：修复封面所需的赛加羚羊革","CraftLeveTalk#35",0,"赛加羚羊革",3,"",0,"",0,"",0
918610,"制作委托：愿以这御敌外套表达我的决心","CraftLeveTalk#35",0,"赛加羚羊革御敌长衣",1,"",0,"",0,"",0
918611,"制作委托：令人恐惧的手套","CraftLeveTalk#35",0,"金毗罗鳄革黑狮鹫手套",1,"",0,"",0,"",0
918612,"制作委托：金毗罗鳄革制作的工作靴","CraftLeveTalk#35",0,"金毗罗鳄革大地筒靴",1,"",0,"",0,"",0
918613,"制作委托：蛇牛革制作的长靴","CraftLeveTalk#35",0,"蛇牛革治愈长靴",1,"",0,"",0,"",0
918614,"制作委托：为优秀拾穗人准备的报酬","CraftLeveTalk#35",0,"蛇牛革大地手环",1,"",0,"",0,"",0
918615,"制作委托：密密层层的黑麻布","CraftLeveTalk#35",0,"黑麻布",3,"",0,"",0,"",0
918616,"制作委托：实操考试用的治愈手套","CraftLeveTalk#35",0,"黑麻治愈半指护手",1,"",0,"",0,"",0
918617,"制作委托：法师帽的替代品","CraftLeveTalk#35",0,"阿尔马斯提咏咒礼帽",1,"",0,"",0,"",0
918618,"制作委托：崭新的白大褂","CraftLeveTalk#35",0,"阿尔马斯提治愈外套",1,"",0,"",0,"",0
918619,"制作委托：亮闪闪的雪亚麻布","CraftLeveTalk#35",0,"雪亚麻布",3,"",0,"",0,"",0
918620,"制作委托：探望用的礼物头巾","CraftLeveTalk#35",0,"雪亚麻布巧匠包头巾",1,"",0,"",0,"",0
918621,"制作委托：软绵绵的升龙束膝裤","CraftLeveTalk#35",0,"绛红草布升龙束膝裤",1,"",0,"",0,"",0
918622,"制作委托：为引退者提供的纪念品","CraftLeveTalk#35",0,"绛红草布大地贝雷帽",1,"",0,"",0,"",0
918623,"制作委托：进行比较参考所需的帽子","CraftLeveTalk#35",0,"迷彩绒制敌军帽",1,"",0,"",0,"",0
918624,"制作委托：软绵绵的游击打底裤","CraftLeveTalk#35",0,"迷彩绒游击打底裤",1,"",0,"",0,"",0
918625,"制作委托：考试学习用的墨水","CraftLeveTalk#35",0,"辉翠银附魔墨水",3,"",0,"",0,"",0
918626,"制作委托：使用伽迦象革装订的魔导书","CraftLeveTalk#35",0,"伽迦象革魔导书",1,"",0,"",0,"",0
918627,"制作委托：使用山鸡革装订的魔导书","CraftLeveTalk#35",0,"山鸡革魔导典",1,"",0,"",0,"",0
918628,"制作委托：磨炼眼力的炼金药","CraftLeveTalk#35",0,"5级巧力之幻水",9,"",0,"",0,"",0
918629,"制作委托：使用赛加羚羊革装订的魔导书","CraftLeveTalk#35",0,"赛加羚羊革魔导典",1,"",0,"",0,"",0
918630,"制作委托：专心工作用的炼金药","CraftLeveTalk#35",0,"名匠药酒",3,"",0,"",0,"",0
918631,"制作委托：使用金毗罗鳄革装订的魔导书","CraftLeveTalk#35",0,"金毗罗鳄革魔导书",1,"",0,"",0,"",0
918632,"制作委托：提高品质用的炼金药","CraftLeveTalk#35",0,"巨匠药酒",3,"",0,"",0,"",0
918633,"制作委托：装配了魔导装置的魔导书","CraftLeveTalk#35",0,"蛇牛革魔导典",1,"",0,"",0,"",0
918634,"制作委托：维持理性用的炼金药","CraftLeveTalk#35",0,"5级意力之幻药",3,"",0,"",0,"",0
918635,"制作委托：做菜的关键是放盐","CraftLeveTalk#35",0,"北洋食盐",9,"",0,"",0,"",0
918636,"制作委托：例汤裸麦酸汤","CraftLeveTalk#35",0,"裸麦酸汤",3,"",0,"",0,"",0
918637,"制作委托：用于研究的串烧","CraftLeveTalk#35",0,"猫魅风味岛萃烤串",3,"",0,"",0,"",0
918638,"制作委托：加雷马风味的红菜汤","CraftLeveTalk#35",0,"红菜汤",3,"",0,"",0,"",0
918639,"制作委托：体验皇帝陛下的生活","CraftLeveTalk#35",0,"皇帝浓汤",3,"",0,"",0,"",0
918640,"制作委托：特制的胡萝卜丝","CraftLeveTalk#35",0,"胡萝卜丝",3,"",0,"",0,"",0
918641,"制作委托：传说中的救灾粮食","CraftLeveTalk#35",0,"北洋酸奶",3,"",0,"",0,"",0
918642,"制作委托：心灵支柱焗菜","CraftLeveTalk#35",0,"亚考牛慕沙卡",3,"",0,"",0,"",0
918643,"制作委托：没尝试过的奶油面","CraftLeveTalk#35",0,"厄尔庇斯之面",3,"",0,"",0,"",0
918644,"制作委托：治愈身心的茶","CraftLeveTalk#35",0,"高山茶",3,"",0,"",0,"",0
918645,"指定采集：未口鱼口味如何？","CraftLeveTalk#36",0,"千虑鱼",3,"",0,"",0,"",0
918646,"指定采集：名医爱用的毒螃蟹","CraftLeveTalk#36",0,"红星蟹",9,"",0,"",0,"",0
918647,"指定采集：近东种群的人工饲养样本","CraftLeveTalk#36",0,"贪食沼虾",3,"",0,"",0,"",0
918648,"指定采集：编纂图鉴所需的斑点鱼","CraftLeveTalk#36",0,"巨胆石颚",9,"",0,"",0,"",0
918649,"指定采集：外来生物在特殊水质中的样本","CraftLeveTalk#36",0,"蓝鳃太阳鱼",3,"",0,"",0,"",0
918650,"指定采集：高级海参级多高？","CraftLeveTalk#36",0,"白海参",9,"",0,"",0,"",0
918651,"指定采集：编纂图鉴所需的未知菌类","CraftLeveTalk#36",0,"不完整菌类987",3,"",0,"",0,"",0
918652,"指定采集：盐烧鱿鱼犹少盐？","CraftLeveTalk#36",0,"盐鱿鱼",9,"",0,"",0,"",0
918653,"指定采集：编纂图鉴所需的古代鱼","CraftLeveTalk#36",0,"巨脂鲤",3,"",0,"",0,"",0
918654,"指定采集：栖息在灵域的当地固有种群样本","CraftLeveTalk#36",0,"酒红鼻脂鲤",9,"",0,"",0,"",0
918655,"","CraftLeveTalk#0",0,"",0,"",0,"",0,"",0
